자치구,안심 주소,용도,위도,경도,수량,데이터기준일자
양천구,서울특별시 구로구 개봉동 고척로21나길 85 건영아파트,도심공원,37.5018,126.84018,2,2021-01-29
양천구,서울특별시 양천구 신정동 중앙로14나길 35 ,도심공원,37.5055,126.86674,3,2021-01-29
양천구,신정동 814,도심공원,37.5058721,126.8398706,3,2021-01-29
양천구,신정동 337-13,도심공원,37.50791,126.86886,2,2021-01-29
양천구,신정동 산 103-1,도심공원,37.50831,126.85535,2,2021-01-29
양천구,서울특별시 양천구 신정동 남부순환로 684 세영프라임,도심공원,37.5089117,126.843628,2,2021-01-29
양천구,신정동 171-61,도심공원,37.50908086,126.869504,4,2021-01-29
양천구,서울특별시 양천구 신정동 중앙로17길 26 공중화장실,도심공원,37.50924,126.85564,4,2021-01-29
양천구,서울특별시 양천구 신정동 목동남로 106 공공형 실내놀이터,도심공원,37.50969,126.87009,2,2021-01-29
양천구,신정동 621,도심공원,37.51038096,126.8564904,5,2021-01-29
양천구,신정동 621,도심공원,37.51073057,126.8553884,3,2021-01-29
양천구,서울특별시 양천구 신정동 목동남로4길 100 파크샤인,도심공원,37.51078355,126.8695487,4,2021-01-29
양천구,서울특별시 양천구 신정동 목동남로4길 100 파크샤인,도심공원,37.51095702,126.8698788,4,2021-01-29
양천구,서울특별시 양천구 신정동 남부순환로88길 19 넓은들공원관리사무소,도심공원,37.5113085,126.839395,2,2021-01-29
양천구,서울특별시 양천구 신정동 신정로11길 50 ,도심공원,37.5113126,126.837887,2,2021-01-29
양천구,신정동 325-2,도심공원,37.51142,126.85819,2,2021-01-29
양천구,서울특별시 양천구 신정동 신정이펜1로 11 대일관광고등학교,도심공원,37.51168,126.83479,2,2021-01-29
양천구,서울특별시 양천구 신정동 신정이펜1로 11 대일관광고등학교,도심공원,37.51185,126.83427,2,2021-01-29
양천구,서울특별시 양천구 신정동 남부순환로86길 24 대정이오스 신정1차,도심공원,37.512234,126.8407287,2,2021-01-29
양천구,서울특별시 양천구 신정동 신정로7길 70 푸른마을 1단지아파트,도심공원,37.51233,126.83511,2,2021-01-29
양천구,서울특별시 양천구 신정동 신정로11길 50 ,도심공원,37.5125049,126.8376416,2,2021-01-29
양천구,신정동  326-2,도심공원,37.512521,126.8612893,2,2021-01-29
양천구,서울특별시 양천구 신정동 신월로 24 양천도시농업공원 관리사무소,도심공원,37.512579,126.826243,2,2021-01-29
양천구,신정동 1316-2,도심공원,37.5126845,126.831663,2,2021-01-29
양천구,서울특별시 양천구 신정동 신정로13가길 30 서울장수초등학교,도심공원,37.51347,126.84567,3,2021-01-29
양천구,서울특별시 양천구 신정동 신정로13가길 30 서울장수초등학교,도심공원,37.51356,126.84528,2,2021-01-29
양천구,서울특별시 양천구 신정동 신정로7길 81 양천중앙도서관,도심공원,37.51375,126.8331,2,2021-01-29
양천구,신정동 1259,도심공원,37.51406316,126.8530977,5,2021-01-29
양천구,서울특별시 양천구 신정동 신정로7길 91 공중화장실,도심공원,37.51412,126.83389,3,2021-01-29
양천구,서울특별시 양천구 신정동 신정로7길 91 공중화장실,도심공원,37.51417,126.83333,2,2021-01-29
양천구,서울특별시 양천구 신정동 중앙로 204 양명초등학교,도심공원,37.514689,126.855716,2,2021-01-29
양천구,서울특별시 양천구 신월동 남부순환로80길 13 ,도심공원,37.5154251,126.8385432,2,2021-01-29
양천구,서울특별시 양천구 신월동 신월로 110 ,도심공원,37.5154269,126.836443,2,2021-01-29
양천구,서울특별시 양천구 신정동 중앙로29가길 1 ,도심공원,37.516578,126.850908,2,2021-01-29
양천구,서울특별시 양천구 신월동 신월로 128 ,도심공원,37.516735,126.83817,2,2021-01-29
양천구,서울특별시 양천구 신정동 중앙로29길 64 신일해피트리,도심공원,37.51754,126.84806,3,2021-01-29
양천구,신정동 311-1,도심공원,37.5176551,126.858408,2,2021-01-29
양천구,신월동 987-2,도심공원,37.5178931,126.832617,2,2021-01-29
양천구,신정동 320,도심공원,37.51793,126.86821,5,2021-01-29
양천구, 신정동 320,도심공원,37.51793,126.86822,4,2021-01-29
양천구,서울특별시 양천구 신월동 남부순환로 563 ,도심공원,37.51863953,126.839921,5,2021-01-29
양천구,서울특별시 양천구 신월동 지양로7길 27 건우빌라,도심공원,37.51982,126.83226,2,2021-01-29
양천구,서울특별시 양천구 신월동 신월로 181 삼익1차 플라주아파트,도심공원,37.5199608,126.842024,2,2021-01-29
양천구,서울특별시 양천구 신월동 남부순환로72길 11 ,도심공원,37.5204187,126.836169,2,2021-01-29
양천구,서울특별시 양천구 신정동 목동서로 287 동문비젼오피스텔,도심공원,37.521061,126.868611,2,2021-01-29
양천구,서울특별시 양천구 신월동 지양로7길 28 공중화장실,도심공원,37.5211786,126.8294979,5,2021-01-29
양천구,서울특별시 양천구 신월동 오목로 28 미진아트빌,도심공원,37.52119,126.84273,1,2021-01-29
양천구,신월동 331-5,도심공원,37.52164023,126.8289889,3,2021-01-29
양천구,서울특별시 양천구 신정동 신목로12길 13 ,도심공원,37.52168,126.8759,2,2021-01-29
양천구,서울특별시 양천구 신정동 중앙로29길 108 대성유니드아파트,도심공원,37.5216825,126.848328,2,2021-01-29
양천구,서울특별시 양천구 신월동 지양로11길 16 대성주택,도심공원,37.52178,126.83075,2,2021-01-29
양천구,서울특별시 양천구 신월동 지양로 61 ,도심공원,37.5218429,126.834679,2,2021-01-29
양천구,서울특별시 양천구 신정동 신월로 309 ,도심공원,37.5219532,126.8550085,2,2021-01-29
양천구,서울특별시 양천구 신월동 지양로13길 10 ,도심공원,37.52207004,126.8308081,4,2021-01-29
양천구,서울특별시 양천구 신정동 중앙로45길 42 정은스카이빌2,도심공원,37.52264,126.84854,3,2021-01-29
양천구,서울특별시 양천구 신월동 지양로10길 5 ,도심공원,37.52304,126.83352,2,2021-01-29
양천구,서울특별시 양천구 신정동 오목로40길 2 ,도심공원,37.5240576,126.8578506,2,2021-01-29
양천구,신월동 926-19,도심공원,37.52413938,126.835391,3,2021-01-29
양천구,서울특별시 양천구 신월동 지양로 102 ,도심공원,37.5246296,126.831866,4,2021-01-29
양천구,서울특별시 양천구 신정동 목동로17길 20 ,도심공원,37.5249908,126.8617409,2,2021-01-29
양천구,서울특별시 양천구 신월동 국회대로 47 ,도심공원,37.526253,126.840702,2,2021-01-29
양천구,서울특별시 양천구 신정동 신정중앙로 58 흥영주상복합빌딩,도심공원,37.52638,126.8586,2,2021-01-29
양천구,서울특별시 양천구 신월동 중앙로 341 ,도심공원,37.5264181,126.848436,4,2021-01-29
양천구,서울특별시 양천구 신정동 신정중앙로14길 7 ,도심공원,37.52651,126.85504,1,2021-01-29
양천구,서울특별시 양천구 신월동 국회대로 29 신월빌딩,도심공원,37.5269898,126.838172,1,2021-01-29
양천구,서울특별시 양천구 신정동 국회대로 144 ,도심공원,37.5273617,126.851229,1,2021-01-29
양천구,서울특별시 양천구 목동 목동서로 159 ,도심공원,37.52751,126.87361,3,2021-01-29
양천구,서울특별시 양천구 신정동 신정중앙로 37 ,도심공원,37.5279373,126.856507,2,2021-01-29
양천구,서울특별시 양천구 신정동 국회대로8길 8 삼성아파트,도심공원,37.52853,126.86226,2,2021-01-29
양천구,서울특별시 양천구 신월동 곰달래로 7 ,도심공원,37.53054,126.83329,2,2021-01-29
양천구,서울특별시 양천구 신월동 곰달래로11길 29 밀레니엄타운,도심공원,37.5320064,126.8356802,2,2021-01-29
양천구,서울특별시 양천구 신월동 남부순환로 380 주차전용빌딩,도심공원,37.53208,126.8288,2,2021-01-29
양천구,서울특별시 양천구 신월동 곰달래로11길 35 ,도심공원,37.5322491,126.834611,4,2021-01-29
양천구,서울특별시 양천구 목동 등촌로 40 ,도심공원,37.53348,126.8647,1,2021-01-29
양천구,서울특별시 양천구 목동 목동동로 363 파리공원,도심공원,37.53429,126.8771,1,2021-01-29
양천구,서울특별시 양천구 목동 목동동로 363 파리공원,도심공원,37.53441,126.87726,1,2021-01-29
양천구,목동 906,도심공원,37.5346,126.8769,3,2021-01-29
양천구,서울특별시 양천구 목동 목동동로 363 파리공원,도심공원,37.53472,126.87713,1,2021-01-29
양천구,서울특별시 양천구 신월동 가로공원로56길 21 ,도심공원,37.53484,126.82596,2,2021-01-29
양천구,목동 903-2,도심공원,37.53488,126.87294,4,2021-01-29
양천구,서울특별시 양천구 목동 목동중앙남로 7 조오빌딩,도심공원,37.5352,126.86866,2,2021-01-29
양천구,서울특별시 양천구 신월동 가로공원로55길 15 ,도심공원,37.536205,126.824656,4,2021-01-29
양천구,서울특별시 양천구 목동 목동중앙남로 51 ,도심공원,37.5383328,126.864639,2,2021-01-29
양천구,서울특별시 양천구 신월동 남부순환로31길 13 ,도심공원,37.5386754,126.8285328,2,2021-01-29
양천구,서울특별시 양천구 목동 목동중앙로9길 39 ,도심공원,37.53940063,126.8730759,5,2021-01-29
양천구,서울특별시 양천구 목동 목동중앙로9길 39 ,도심공원,37.53947492,126.8737847,2,2021-01-29
양천구,목동 231-187,도심공원,37.54122544,126.8738175,3,2021-01-29
양천구,서울특별시 양천구 신월동 월정로 281 ,도심공원,37.541523,126.828736,1,2021-01-29
양천구,서울특별시 양천구 목동 목동중앙남로 81 ,도심공원,37.54175,126.86425,2,2021-01-29
양천구,서울특별시 양천구 목동 용왕정길 32 공중화장실,도심공원,37.54236,126.877,2,2021-01-29
양천구,서울특별시 양천구 목동 목동중앙본로 69 삼성빌딩,도심공원,37.5427705,126.869084,2,2021-01-29
양천구,서울특별시 양천구 목동 용왕정길 41 용왕산 실내배드민턴장,도심공원,37.54303,126.87723,2,2021-01-29
양천구,서울특별시 양천구 목동 목동중앙본로7가길 70 ,도심공원,37.54346497,126.8679335,2,2021-01-29
양천구,서울특별시 양천구 목동 목동중앙남로16길 47 목동 비바체,도심공원,37.54358665,126.866492,4,2021-01-29
양천구,서울특별시 양천구 목동 목동중앙본로7가길 70 ,도심공원,37.54376341,126.8676322,3,2021-01-29
양천구,서울특별시 양천구 목동 목동중앙본로 82 ,도심공원,37.54394548,126.8692996,3,2021-01-29
양천구,서울특별시 양천구 목동 목동중앙북로8길 84 ,도심공원,37.54402975,126.8662053,4,2021-01-29
양천구,서울특별시 양천구 목동 목동중앙남로16나길 59 ,도심공원,37.5452887,126.864933,2,2021-01-29
양천구,서울특별시 양천구 목동 목동중앙본로 106 ,도심공원,37.54541,126.87152,3,2021-01-29
양천구,서울특별시 양천구 목동 목동중앙북로8길 68 ,도심공원,37.54585858,126.8654116,2,2021-01-29
양천구,서울특별시 양천구 목동 목동중앙북로8길 68 ,도심공원,37.54596086,126.8656527,2,2021-01-29
양천구,서울특별시 양천구 목동 목동중앙북로8가길 23 행복자아파트,도심공원,37.54611006,126.8654409,2,2021-01-29
양천구,서울특별시 양천구 목동 목동중앙북로24길 1 ,도심공원,37.54616,126.87974,1,2021-01-29
양천구,서울특별시 양천구 목동 목동중앙북로24길 1 ,도심공원,37.54617,126.87974,2,2021-01-29
양천구,서울특별시 양천구 목동 목동중앙북로 7 ,도심공원,37.5493052,126.865373,2,2021-01-29
양천구,서울특별시 양천구 신정동 안양천로539길 46 ,방범,37.5048976,126.868081,2,2021-01-29
양천구,신정동 944-1,방범,37.505562,126.839591,5,2021-01-29
양천구,신정동 930-41,방범,37.505885,126.839848,1,2021-01-29
양천구,서울특별시 양천구 신정동 목동남로2길 63 ,방범,37.50594,126.86422,3,2021-01-29
양천구,서울특별시 양천구 신정동 남부순환로 700 ,방범,37.50687,126.84374,2,2021-01-29
양천구,서울특별시 양천구 신정동 남부순환로 700 ,방범,37.5069227,126.843572,1,2021-01-29
양천구,신정동 927-32,방범,37.507294,126.867254,4,2021-01-29
양천구,서울특별시 양천구 신정동 남부순환로 699 ,방범,37.5079227,126.844572,1,2021-01-29
양천구,서울특별시 양천구 신정동 목동남로4길 56 ,방범,37.508154,126.868383,3,2021-01-29
양천구,신정동 1293,방범,37.508563,126.8448379,3,2021-01-29
양천구,서울특별시 양천구 신정동 목동남로4길 6 ,방범,37.508586,126.865183,3,2021-01-29
양천구,서울특별시 양천구 신정동 목동남로4길 48 해외개발(주),방범,37.50898,126.86755,3,2021-01-29
양천구,서울특별시 양천구 신정동 목동남로4길 56 ,방범,37.5089963,126.868437,2,2021-01-29
양천구,서울특별시 양천구 신정동 목동동로2길 57 ,방범,37.509082,126.861976,3,2021-01-29
양천구,서울특별시 양천구 신정동 목동동로2길 57 ,방범,37.50922,126.86187,2,2021-01-29
양천구,서울특별시 양천구 신정동 목동남로 62 ,방범,37.5092651,126.8664276,2,2021-01-29
양천구,신정동 805-13,방범,37.50944,126.83707,3,2021-01-29
양천구,서울특별시 양천구 신정동 목동남로 68 삼우빌라,방범,37.509471,126.867973,4,2021-01-29
양천구,서울특별시 양천구 신정동 목동남로 62 ,방범,37.50965,126.86661,2,2021-01-29
양천구,신정동 1294,방범,37.50966361,126.8465025,4,2021-01-29
양천구,서울특별시 양천구 신정동 남부순환로 654 진덕빌딩,방범,37.5103597,126.841315,2,2021-01-29
양천구,신정동 276-7,방범,37.51044,126.86401,3,2021-01-29
양천구,서울특별시 양천구 신정동 목동남로 72 ,방범,37.5104666,126.8673616,3,2021-01-29
양천구,서울특별시 양천구 신정동 신정로13길 11 열방사회복지관,방범,37.5106,126.8433,3,2021-01-29
양천구,서울특별시 양천구 신정동 목동로 17 ,방범,37.510688,126.870681,3,2021-01-29
양천구,신정동 1283,방범,37.51069241,126.8365179,5,2021-01-29
양천구,서울특별시 양천구 신정동 목동남로4길 81 목동2차삼성래미안아파트,방범,37.51093236,126.8682508,3,2021-01-29
양천구,서울특별시 양천구 신정동 목동남로 87 ,방범,37.51116,126.8686,3,2021-01-29
양천구,서울특별시 양천구 신정동 목동남로 87 ,방범,37.511314,126.868639,3,2021-01-29
양천구,서울특별시 양천구 신정동 목동남로 85 은정초등학교,방범,37.51189685,126.8676984,2,2021-01-29
양천구,신정동 327,방범,37.512149,126.864534,4,2021-01-29
양천구,서울특별시 양천구 신정동 신정로7길 75 이든채,방범,37.51316,126.83485,2,2021-01-29
양천구,서울특별시 양천구 신월동 남부순환로86길 6 ,방범,37.513866,126.840576,4,2021-01-29
양천구,신정동 330-2,방범,37.514041,126.874238,4,2021-01-29
양천구,신정동 331,방범,37.5141,126.87619,3,2021-01-29
양천구,신정동 871-37,방범,37.5141447,126.8767119,4,2021-01-29
양천구,서울특별시 양천구 신월동 남부순환로 604 ,방범,37.514347,126.840227,3,2021-01-29
양천구,서울특별시 양천구 신월동 신월로10길 30 삼동아파트,방범,37.514503,126.841423,5,2021-01-29
양천구,서울특별시 양천구 신정동 신정이펜1로 92 새금성교회,방범,37.5146106,126.828275,2,2021-01-29
양천구,신월동 567-1,방범,37.51467,126.84312,2,2021-01-29
양천구,서울특별시 양천구 신월동 신월로10길 30 삼동아파트,방범,37.514674,126.841974,3,2021-01-29
양천구,신정동 327,방범,37.514907,126.866714,3,2021-01-29
양천구,서울특별시 양천구 신월동 남부순환로80길 15 ,방범,37.51514,126.83793,3,2021-01-29
양천구,서울특별시 양천구 신월동 신월로 110 ,방범,37.51523,126.83697,3,2021-01-29
양천구,서울특별시 양천구 신정동 중앙로25길 48 ,방범,37.51526,126.84886,3,2021-01-29
양천구,서울특별시 양천구 신정동 중앙로25길 16 ,방범,37.515398,126.851237,4,2021-01-29
양천구,신월동 590-21,방범,37.51542,126.84612,2,2021-01-29
양천구,서울특별시 양천구 신정동 목동동로 55 밀레니엄 프라자,방범,37.515514,126.86103,5,2021-01-29
양천구,서울특별시 양천구 신월동 남부순환로85길 22 ,방범,37.51555,126.84478,2,2021-01-29
양천구,서울특별시 양천구 신월동 남부순환로 594 ,방범,37.5156327,126.83913,3,2021-01-29
양천구,신정동 1278-1,방범,37.515706,126.876349,3,2021-01-29
양천구,서울특별시 양천구 신월동 남부순환로80길 13 ,방범,37.51578,126.838943,3,2021-01-29
양천구,서울특별시 양천구 신월동 남부순환로80길 15 ,방범,37.5158,126.83715,4,2021-01-29
양천구,서울특별시 양천구 신정동 중앙로25길 30 국제아트빌,방범,37.51592,126.850159,3,2021-01-29
양천구,서울특별시 양천구 신정동 중앙로25길 16 ,방범,37.51594597,126.8514747,4,2021-01-29
양천구,서울특별시 양천구 신정동 중앙로25길 48 ,방범,37.515959,126.848562,3,2021-01-29
양천구,서울특별시 양천구 신정동 목동서로 375 ,방범,37.51609776,126.8628641,5,2021-01-29
양천구,서울특별시 양천구 신정동 중앙로25길 38 ,방범,37.51611,126.8494,4,2021-01-29
양천구,서울특별시 양천구 신정동 중앙로27길 21 ,방범,37.516373,126.851954,4,2021-01-29
양천구,서울특별시 양천구 신정동 중앙로29가길 1 ,방범,37.516377,126.850607,1,2021-01-29
양천구,서울특별시 양천구 신정동 중앙로29가길 1 ,방범,37.5164145,126.8502586,1,2021-01-29
양천구,서울특별시 양천구 신정동 목동동로8길 31 ,방범,37.51646,126.87252,3,2021-01-29
양천구,서울특별시 양천구 신정동 목동서로 363 양천생활안전체험교육관,방범,37.516528,126.863596,5,2021-01-29
양천구,서울특별시 양천구 신정동 중앙로29가길 1 ,방범,37.516578,126.850908,4,2021-01-29
양천구,서울특별시 양천구 신정동 목동서로 375 ,방범,37.516624,126.862953,1,2021-01-29
양천구,서울특별시 양천구 신정동 목동동로 100 목동신시가지아파트13단지,방범,37.51664,126.86659,1,2021-01-29
양천구,신정동 328,방범,37.51665,126.86727,1,2021-01-29
양천구,서울특별시 양천구 신정동 중앙로 222 ,방범,37.516685,126.855262,4,2021-01-29
양천구,서울특별시 양천구 신정동 중앙로25길 38 ,방범,37.5166985,126.8494377,2,2021-01-29
양천구,서울특별시 양천구 신월동 남부순환로 584 ,방범,37.516823,126.839215,3,2021-01-29
양천구,서울특별시 양천구 신월동 신월로 109 ,방범,37.516893,126.836591,4,2021-01-29
양천구,서울특별시 양천구 신정동 중앙로 218 뉴목동아파트,방범,37.516998,126.85498,3,2021-01-29
양천구,서울특별시 양천구 신월동 신월로 156 ,방범,37.517032,126.841537,5,2021-01-29
양천구,서울특별시 양천구 신정동 신목로5길 9 대림아파트,방범,37.51707,126.872057,1,2021-01-29
양천구,신정동 311-3,방범,37.517102,126.857064,3,2021-01-29
양천구,서울특별시 양천구 신정동 중앙로29가길 15 ,방범,37.517236,126.8492,4,2021-01-29
양천구,서울특별시 양천구 신월동 남부순환로 571 ,방범,37.5173773,126.839702,2,2021-01-29
양천구,서울특별시 양천구 신정동 목동서로 339 양천보건소,방범,37.51740824,126.8658337,5,2021-01-29
양천구,신월동 45-16,방범,37.517454,126.831269,1,2021-01-29
양천구,서울특별시 양천구 신월동 남부순환로79길 21 ,방범,37.51755,126.84268,4,2021-01-29
양천구,서울특별시 양천구 신정동 중앙로29가길 7 ,방범,37.51762,126.85003,3,2021-01-29
양천구,서울특별시 양천구 신월동 신월로 156 ,방범,37.517805,126.841684,3,2021-01-29
양천구,서울특별시 양천구 신정동 신목로 9 쌍용아파트,방범,37.517855,126.875955,3,2021-01-29
양천구,서울특별시 양천구 신월동 남부순환로83길 48 목동 센트럴 아이파크 위브 3단지,방범,37.517955,126.845941,4,2021-01-29
양천구,서울특별시 양천구 신정동 목동동로10길 16 ,방범,37.51809,126.87244,2,2021-01-29
양천구,서울특별시 양천구 신정동 중앙로29가길 19 ,방범,37.5180959,126.849602,4,2021-01-29
양천구,신월동 984-3,방범,37.5182048,126.833901,1,2021-01-29
양천구,서울특별시 양천구 신정동 신목로 31 ,방범,37.518222,126.873558,3,2021-01-29
양천구,서울특별시 양천구 신정동 중앙로43길 19 ,방범,37.51831,126.85275,3,2021-01-29
양천구,서울특별시 양천구 신월동 남부순환로 560 ,방범,37.518337,126.838157,5,2021-01-29
양천구,서울특별시 양천구 신월동 신월로 180 ,방범,37.51839,126.84367,3,2021-01-29
양천구,서울특별시 양천구 신정동 신목로 20 세진빌딩,방범,37.51845,126.87596,4,2021-01-29
양천구,서울특별시 양천구 신월동 남부순환로77길 7 ,방범,37.518543,126.840278,4,2021-01-29
양천구,서울특별시 양천구 신정동 중앙로29가길 19 ,방범,37.518618,126.849205,4,2021-01-29
양천구,서울특별시 양천구 신정동 중앙로39길 17 ,방범,37.5186191,126.850597,2,2021-01-29
양천구,서울특별시 양천구 신월동 지양로 25 용민아파트,방범,37.518722,126.83692,3,2021-01-29
양천구,서울특별시 양천구 신월동 신월로 166 구두수선대15,방범,37.51879,126.84299,3,2021-01-29
양천구,서울특별시 양천구 신월동 신월로 166 구두수선대15,방범,37.51887,126.84216,3,2021-01-29
양천구,서울특별시 양천구 신정동 목동동로10길 12 ,방범,37.51888,126.87113,4,2021-01-29
양천구,서울특별시 양천구 신정동 중앙로32길 21 ,방범,37.51905,126.8559,1,2021-01-29
양천구,서울특별시 양천구 신정동 신목로2길 17 ,방범,37.519132,126.876196,3,2021-01-29
양천구,서울특별시 양천구 신월동 남부순환로72길 5 ,방범,37.519163,126.837173,4,2021-01-29
양천구,신정동 1208-1,방범,37.51929,126.85,4,2021-01-29
양천구,서울특별시 양천구 신정동 중앙로39길 14 ,방범,37.519299,126.850766,4,2021-01-29
양천구,신정동 313,방범,37.519302,126.864215,3,2021-01-29
양천구,서울특별시 양천구 신정동 중앙로34가길 1 ,방범,37.519374,126.85468,3,2021-01-29
양천구,서울특별시 양천구 신정동 신목로 40 현진빌딩,방범,37.519385,126.873791,4,2021-01-29
양천구,서울특별시 양천구 신월동 신월로22길 15 ,방범,37.519458,126.846702,3,2021-01-29
양천구,서울특별시 양천구 신정동 중앙로 257 ,방범,37.5195,126.852732,1,2021-01-29
양천구,서울특별시 양천구 신월동 신월로 190 ,방범,37.51953309,126.8447853,5,2021-01-29
양천구,서울특별시 양천구 신월동 지양로 30 ,방범,37.5196778,126.8365869,3,2021-01-29
양천구,서울특별시 양천구 신정동 중앙로32길 25 ,방범,37.51968,126.85666,4,2021-01-29
양천구,서울특별시 양천구 신월동 지양로7길 27 건우주택,방범,37.519682,126.831762,3,2021-01-29
양천구,서울특별시 양천구 신정동 중앙로34가길 1 ,방범,37.519714,126.854011,3,2021-01-29
양천구,서울특별시 양천구 신정동 신월로36길 19 ,방범,37.519751,126.858065,4,2021-01-29
양천구,서울특별시 양천구 신월동 신월로22길 15 ,방범,37.5197982,126.8467991,3,2021-01-29
양천구,서울특별시 양천구 신월동 신월로24길 19 신월종합사회복지관,방범,37.51982,126.84772,2,2021-01-29
양천구,서울특별시 양천구 신월동 남부순환로73길 8 효찬드리밍7차,방범,37.519882,126.839118,3,2021-01-29
양천구,서울특별시 양천구 신정동 신목로4길 21 ,방범,37.51992,126.87564,5,2021-01-29
양천구,서울특별시 양천구 신정동 신월로36길 19 ,방범,37.51993714,126.8586602,5,2021-01-29
양천구,신정동 1024-22,방범,37.519987,126.860266,5,2021-01-29
양천구,서울특별시 양천구 신정동 중앙로39길 20 ,방범,37.520011,126.85066,4,2021-01-29
양천구,서울특별시 양천구 신정동 중앙로29나길 5 ,방범,37.520052,126.849956,4,2021-01-29
양천구,서울특별시 양천구 신월동 남부순환로73길 7 ,방범,37.52008,126.83964,4,2021-01-29
양천구,서울특별시 양천구 신정동 목동서로 301 ,방범,37.52013,126.86944,3,2021-01-29
양천구,서울특별시 양천구 신정동 신목로14길 19 ,방범,37.5201728,126.8765709,2,2021-01-29
양천구,서울특별시 양천구 신월동 월정로 3 ,방범,37.520183,126.843566,5,2021-01-29
양천구,서울특별시 양천구 신월동 남부순환로75길 31 우영파크타운,방범,37.520209,126.842135,4,2021-01-29
양천구,서울특별시 양천구 신월동 신월로 212 ,방범,37.5202788,126.846341,2,2021-01-29
양천구,서울특별시 양천구 신월동 남부순환로 538 남양가스주유소,방범,37.52028375,126.8372339,4,2021-01-29
양천구,서울특별시 양천구 신월동 신월로 206 ,방범,37.5203238,126.8458282,3,2021-01-29
양천구,서울특별시 양천구 신정동 중앙로 267 ,방범,37.520338,126.85298,5,2021-01-29
양천구,신정동 137-2,방범,37.5204335,126.8780335,3,2021-01-29
양천구,서울특별시 양천구 신월동 지양로 46 한양메디컬센타,방범,37.5204436,126.835592,3,2021-01-29
양천구,서울특별시 양천구 신정동 중앙로39길 20 ,방범,37.52045,126.85032,3,2021-01-29
양천구,서울특별시 양천구 신월동 지양로7길 17 형제주택,방범,37.520591,126.832526,3,2021-01-29
양천구,서울특별시 양천구 신정동 신목로14길 19 ,방범,37.520598,126.876175,4,2021-01-29
양천구,서울특별시 양천구 신정동 중앙로 266 ,방범,37.520623,126.853572,3,2021-01-29
양천구,서울특별시 양천구 신정동 중앙로45길 2 ,방범,37.520656,126.851013,3,2021-01-29
양천구,서울특별시 양천구 신정동 신목로12길 13 ,방범,37.520668,126.875021,3,2021-01-29
양천구,서울특별시 양천구 신월동 지양로11길 23 금강주택,방범,37.520717,126.831665,3,2021-01-29
양천구,서울특별시 양천구 신정동 신목로 58 ,방범,37.52075,126.873778,4,2021-01-29
양천구,서울특별시 양천구 신정동 은행정로5길 36 ,방범,37.52079,126.85559,3,2021-01-29
양천구,서울특별시 양천구 신월동 신월로 212 ,방범,37.52081,126.84695,3,2021-01-29
양천구,서울특별시 양천구 신월동 지양로7길 24 이화주택,방범,37.52087,126.83061,3,2021-01-29
양천구,서울특별시 양천구 신정동 중앙로29나길 5 ,방범,37.52092852,126.8497317,4,2021-01-29
양천구,서울특별시 양천구 신정동 목동동로 165 양천세무서,방범,37.520931,126.870718,2,2021-01-29
양천구,서울특별시 양천구 신정동 은행정로5길 32 ,방범,37.520948,126.856913,3,2021-01-29
양천구,서울특별시 양천구 신정동 목동서로 287 동문비젼오피스텔,방범,37.521061,126.868611,4,2021-01-29
양천구,서울특별시 양천구 신월동 지양로11길 13 ,방범,37.521066,126.83149,4,2021-01-29
양천구,서울특별시 양천구 신월동 남부순환로70길 9 이룸하우스,방범,37.5210934,126.83654,4,2021-01-29
양천구,서울특별시 양천구 신정동 신월로 362 ,방범,37.521101,126.8611519,4,2021-01-29
양천구,신정동 1296,방범,37.52110622,126.8722909,4,2021-01-29
양천구,서울특별시 양천구 신정동 신월로 332 ,방범,37.521125,126.858116,5,2021-01-29
양천구,신정동 312,방범,37.52114,126.86588,3,2021-01-29
양천구,서울특별시 양천구 신정동 신목로12길 13 ,방범,37.52116,126.875846,4,2021-01-29
양천구,서울특별시 양천구 신월동 지양로11길 9 ,방범,37.521244,126.832817,5,2021-01-29
양천구,서울특별시 양천구 신월동 오목로 28 미진아트빌,방범,37.52129,126.84299,4,2021-01-29
양천구,서울특별시 양천구 신정동 신월로 354 ,방범,37.521383,126.860567,3,2021-01-29
양천구,서울특별시 양천구 신월동 오목로 28 미진아트빌,방범,37.5214092,126.842628,2,2021-01-29
양천구,서울특별시 양천구 신정동 중앙로29길 108 대성유니드아파트,방범,37.5214218,126.8488081,1,2021-01-29
양천구,서울특별시 양천구 신정동 신월로 370 ,방범,37.5215944,126.862236,5,2021-01-29
양천구,서울특별시 양천구 신정동 신월로 268 양천소방서 신정119안전센터,방범,37.521653,126.850028,2,2021-01-29
양천구,서울특별시 양천구 신월동 지양로11길 16 대성주택,방범,37.52166,126.83051,4,2021-01-29
양천구,서울특별시 양천구 신정동 신월로 370 ,방범,37.521729,126.862301,1,2021-01-29
양천구,서울특별시 양천구 신정동 신목로12길 13 ,방범,37.521772,126.875609,3,2021-01-29
양천구,서울특별시 양천구 신월동 신월로27길 36 ,방범,37.5218027,126.8440748,3,2021-01-29
양천구,서울특별시 양천구 신정동 중앙로29길 108 대성유니드아파트,방범,37.5219027,126.848714,1,2021-01-29
양천구,서울특별시 양천구 신월동 지양로17길 31 ,방범,37.521921,126.826851,3,2021-01-29
양천구,서울특별시 양천구 신정동 신월로 309 ,방범,37.521927,126.85568,3,2021-01-29
양천구,서울특별시 양천구 신월동 신월로 209 ,방범,37.521934,126.845016,4,2021-01-29
양천구,서울특별시 양천구 신월동 지양로17길 27 ,방범,37.521991,126.827507,4,2021-01-29
양천구,서울특별시 양천구 신정동 목동동로12길 46 ,방범,37.5220255,126.876487,2,2021-01-29
양천구,서울특별시 양천구 신월동 남부순환로71길 9 ,방범,37.52203,126.838803,5,2021-01-29
양천구,서울특별시 양천구 신정동 중앙로29길 120 정은스카이빌,방범,37.52203,126.84774,3,2021-01-29
양천구,서울특별시 양천구 신정동 오목로24길 19 ,방범,37.52207,126.85342,4,2021-01-29
양천구,서울특별시 양천구 신정동 신목로 81 ,방범,37.52207,126.87481,3,2021-01-29
양천구,서울특별시 양천구 신정동 오목로32길 23 ,방범,37.52211453,126.856602,5,2021-01-29
양천구,서울특별시 양천구 신정동 중앙로 294 명성빌딩,방범,37.52213,126.85162,4,2021-01-29
양천구,서울특별시 양천구 신정동 오목로24길 19 ,방범,37.52217,126.85453,4,2021-01-29
양천구,서울특별시 양천구 신월동 지양로 73 ,방범,37.522244,126.833884,5,2021-01-29
양천구,서울특별시 양천구 신월동 오목로 52 ,방범,37.52226,126.843342,5,2021-01-29
양천구,서울특별시 양천구 신정동 목동동로12길 54 ,방범,37.5222624,126.877225,5,2021-01-29
양천구,서울특별시 양천구 신정동 오목로40길 19 건향빌라,방범,37.5223615,126.857975,3,2021-01-29
양천구,서울특별시 양천구 신정동 신월로 264 ,방범,37.5223886,126.8507599,5,2021-01-29
양천구,서울특별시 양천구 신정동 신월로 347 빕스신정점,방범,37.52241411,126.8594355,2,2021-01-29
양천구,서울특별시 양천구 신월동 남부순환로69길 1 ,방범,37.52248,126.83767,2,2021-01-29
양천구,서울특별시 양천구 신월동 지양로 163 ,방범,37.52253,126.82546,3,2021-01-29
양천구,서울특별시 양천구 신정동 중앙로 290 ,방범,37.5225341,126.8525384,4,2021-01-29
양천구,서울특별시 양천구 신정동 목동동로12길 38 목동그린빌라트,방범,37.5226199,126.875689,1,2021-01-29
양천구,서울특별시 양천구 신정동 목동동로12길 38 목동그린빌라트,방범,37.5226481,126.875626,3,2021-01-29
양천구,서울특별시 양천구 신정동 신월로35길 1 ,방범,37.522682,126.858226,3,2021-01-29
양천구,서울특별시 양천구 신월동 남부순환로71길 9 ,방범,37.522732,126.838515,5,2021-01-29
양천구,서울특별시 양천구 신정동 중앙로29길 120 정은스카이빌,방범,37.52273619,126.8475548,5,2021-01-29
양천구,서울특별시 양천구 신월동 오목로 76 신성미소지움,방범,37.522737,126.846242,3,2021-01-29
양천구,서울특별시 양천구 신월동 남부순환로 510 ,방범,37.522742,126.836902,4,2021-01-29
양천구,서울특별시 양천구 신정동 목동동로12길 38 목동그린빌라트,방범,37.52276,126.87589,2,2021-01-29
양천구,서울특별시 양천구 신정동 오목로24길 19 ,방범,37.52277,126.85435,3,2021-01-29
양천구,서울특별시 양천구 신월동 남부순환로66길 17 ,방범,37.522773,126.834762,3,2021-01-29
양천구,서울특별시 양천구 신정동 오목로24길 19 ,방범,37.52283,126.85346,3,2021-01-29
양천구,서울특별시 양천구 신정동 오목로32길 23 ,방범,37.52294,126.856469,5,2021-01-29
양천구,서울특별시 양천구 신정동 중앙로45길 42 정은스카이빌2,방범,37.522944,126.848602,3,2021-01-29
양천구,서울특별시 양천구 신월동 오목로 39 준우,방범,37.522958,126.841169,5,2021-01-29
양천구,서울특별시 양천구 신정동 오목로24길 3 ,방범,37.52301,126.852242,5,2021-01-29
양천구,서울특별시 양천구 신월동 지양로15길 9 ,방범,37.52302,126.83082,2,2021-01-29
양천구,서울특별시 양천구 신정동 오목로 148 태성빌라,방범,37.52302,126.85456,2,2021-01-29
양천구,서울특별시 양천구 신월동 오목로 100 ,방범,37.52304,126.84993,3,2021-01-29
양천구,서울특별시 양천구 신정동 오목로38길 13 ,방범,37.5230949,126.8577693,3,2021-01-29
양천구,서울특별시 양천구 신정동 목동로11길 16 ,방범,37.523114,126.862005,3,2021-01-29
양천구,서울특별시 양천구 신월동 오목로11길 9 우정쉐르빌,방범,37.523195,126.844729,3,2021-01-29
양천구,서울특별시 양천구 신정동 오목로32길 13 ,방범,37.523218,126.855363,5,2021-01-29
양천구,서울특별시 양천구 신월동 오목로11길 9 일광월드맨션,방범,37.5232227,126.8432226,4,2021-01-29
양천구,서울특별시 양천구 목동 신목로 100 ,방범,37.523255,126.876159,4,2021-01-29
양천구,서울특별시 양천구 신월동 남부순환로66길 8 ,방범,37.52331,126.83411,5,2021-01-29
양천구,서울특별시 양천구 신월동 지양로 91 ,방범,37.5233104,126.831731,2,2021-01-29
양천구,서울특별시 양천구 신정동 오목로32길 13 ,방범,37.523319,126.855431,2,2021-01-29
양천구,서울특별시 양천구 목동 신목로 93 ,방범,37.52333,126.87419,3,2021-01-29
양천구,서울특별시 양천구 신정동 오목로 148 ,방범,37.52335,126.853787,4,2021-01-29
양천구,서울특별시 양천구 신월동 중앙로 309 신월2동우체국,방범,37.523359,126.850501,3,2021-01-29
양천구,서울특별시 양천구 신정동 오목로38길 13 ,방범,37.52349,126.85711,2,2021-01-29
양천구,서울특별시 양천구 신월동 월정로 35 ,방범,37.523501,126.84232,4,2021-01-29
양천구,서울특별시 양천구 신월동 오목로 77 ,방범,37.523601,126.846076,4,2021-01-29
양천구,서울특별시 양천구 신정동 목동로11길 9 ,방범,37.523612,126.86348,1,2021-01-29
양천구,서울특별시 양천구 목동 목동로 170 진명여고,방범,37.523668,126.865105,3,2021-01-29
양천구,서울특별시 양천구 신월동 남부순환로 502 ,방범,37.5237214,126.835572,3,2021-01-29
양천구,서울특별시 양천구 목동 목동동로12길 17 ,방범,37.52374,126.87393,3,2021-01-29
양천구,서울특별시 양천구 신월동 남부순환로 502 ,방범,37.523772,126.835038,3,2021-01-29
양천구,서울특별시 양천구 신월동 남부순환로 503 ,방범,37.523794,126.83678,4,2021-01-29
양천구,서울특별시 양천구 목동 목동동로 206 ,방범,37.523845,126.872993,5,2021-01-29
양천구,서울특별시 양천구 신월동 지양로10길 5 ,방범,37.523939,126.833554,3,2021-01-29
양천구,서울특별시 양천구 신정동 은행정로11가길 1 ,방범,37.52394,126.85817,3,2021-01-29
양천구,서울특별시 양천구 신정동 오목로32길 13 ,방범,37.523944,126.85569,5,2021-01-29
양천구,서울특별시 양천구 신정동 목동로 163 이스타팰리스,방범,37.523985,126.864056,5,2021-01-29
양천구,서울특별시 양천구 신월동 지양로 131 ,방범,37.52399,126.82845,5,2021-01-29
양천구,서울특별시 양천구 신정동 오목로 141 ,방범,37.5240042,126.8532859,4,2021-01-29
양천구,서울특별시 양천구 신월동 오목로13길 16 ,방범,37.524069,126.845694,3,2021-01-29
양천구,신월동 496,방범,37.524105,126.84926,3,2021-01-29
양천구,서울특별시 양천구 신정동 오목로 148 ,방범,37.524131,126.854667,4,2021-01-29
양천구,서울특별시 양천구 신정동 오목로 121 양천효병원,방범,37.524141,126.85172,4,2021-01-29
양천구,서울특별시 양천구 목동 오목로 359 무중력지대 양천,방범,37.52414441,126.8771356,5,2021-01-29
양천구,서울특별시 양천구 목동 오목로 300 현대하이페리온2,방범,37.52416,126.87033,4,2021-01-29
양천구,서울특별시 양천구 신월동 오목로9길 20 구립당곡경로당,방범,37.524177,126.842712,4,2021-01-29
양천구,서울특별시 양천구 신정동 오목로40길 2 ,방범,37.524196,126.857552,4,2021-01-29
양천구,서울특별시 양천구 신월동 지양로 102 ,방범,37.524265,126.831474,3,2021-01-29
양천구,서울특별시 양천구 목동 목동동로 208 연지프로빌2차,방범,37.5242868,126.872022,4,2021-01-29
양천구,서울특별시 양천구 신월동 월정로 47 미주팰리스,방범,37.524307,126.841148,3,2021-01-29
양천구,서울특별시 양천구 목동 목동동로 206 정선학원,방범,37.52431,126.871521,3,2021-01-29
양천구,서울특별시 양천구 신월동 남부순환로 495 휴먼파크타운,방범,37.5244815,126.836214,2,2021-01-29
양천구,서울특별시 양천구 신월동 지양로10길 17 ,방범,37.524516,126.833358,3,2021-01-29
양천구,서울특별시 양천구 신정동 오목로 170 신정동태남프라자,방범,37.524551,126.85646,4,2021-01-29
양천구,서울특별시 양천구 신월동 오목로11길 16 대광교회,방범,37.5245838,126.844577,2,2021-01-29
양천구,서울특별시 양천구 신월동 지양로14길 5 ,방범,37.5246226,126.832858,2,2021-01-29
양천구,서울특별시 양천구 신정동 오목로 131 ,방범,37.5246739,126.852898,2,2021-01-29
양천구,서울특별시 양천구 신정동 오목로 121 양천효병원,방범,37.524685,126.851166,3,2021-01-29
양천구,서울특별시 양천구 신정동 오목로40길 2 ,방범,37.524705,126.857762,3,2021-01-29
양천구,서울특별시 양천구 신정동 오목로 148 ,방범,37.52471,126.85445,3,2021-01-29
양천구,서울특별시 양천구 신정동 목동로17길 28 ,방범,37.5248096,126.860399,4,2021-01-29
양천구,서울특별시 양천구 목동 오목로 276 ,방범,37.524861,126.867973,3,2021-01-29
양천구,서울특별시 양천구 신월동 오목로11길 17 ,방범,37.524899,126.843913,3,2021-01-29
양천구,서울특별시 양천구 신월동 남부순환로67길 14 살기좋은집,방범,37.52492096,126.8370274,3,2021-01-29
양천구,서울특별시 양천구 신정동 은행정로 47 ,방범,37.5249502,126.8590511,4,2021-01-29
양천구,서울특별시 양천구 신정동 오목로 121 양천효병원,방범,37.52499,126.85178,5,2021-01-29
양천구,서울특별시 양천구 목동 목동동로 226 ,방범,37.52503,126.87321,4,2021-01-29
양천구,서울특별시 양천구 신월동 중앙로 329 ,방범,37.5250479,126.849758,1,2021-01-29
양천구,서울특별시 양천구 신월동 오목로9길 33 ,방범,37.525133,126.84217,3,2021-01-29
양천구,서울특별시 양천구 신정동 신정중앙로6길 17 재성빌,방범,37.52520475,126.8527991,2,2021-01-29
양천구,서울특별시 양천구 신정동 오목로 149 블루움,방범,37.525211,126.853462,4,2021-01-29
양천구,서울특별시 양천구 신월동 국회대로 20 ,방범,37.5253,126.83773,4,2021-01-29
양천구,서울특별시 양천구 신정동 오목로 221 ,방범,37.525315,126.8628514,4,2021-01-29
양천구,서울특별시 양천구 신월동 오목로15길 32 승윤노블리안아파트,방범,37.525346,126.846209,3,2021-01-29
양천구,서울특별시 양천구 신정동 신정중앙로4길 17 ,방범,37.52539,126.85101,4,2021-01-29
양천구,서울특별시 양천구 신정동 오목로 149 ,방범,37.5254405,126.854827,2,2021-01-29
양천구,서울특별시 양천구 신월동 국회대로 38 ,방범,37.525486,126.83924,4,2021-01-29
양천구,서울특별시 양천구 신정동 오목로 167 운성빌딩,방범,37.525525,126.856286,4,2021-01-29
양천구,서울특별시 양천구 신정동 오목로 149 블루움,방범,37.525599,126.853127,5,2021-01-29
양천구,서울특별시 양천구 신월동 남부순환로64길 37 그랜드비스타,방범,37.525624,126.832771,3,2021-01-29
양천구,서울특별시 양천구 목동 목동동로 226 ,방범,37.525661,126.873519,3,2021-01-29
양천구,서울특별시 양천구 신정동 오목로 232 보성팰리스,방범,37.525834,126.863671,4,2021-01-29
양천구,서울특별시 양천구 신월동 중앙로 329 ,방범,37.525839,126.849195,3,2021-01-29
양천구,서울특별시 양천구 목동 목동동로 262 ,방범,37.52586,126.87548,4,2021-01-29
양천구,서울특별시 양천구 신정동 은행정로 67 예인빌딩,방범,37.5258907,126.858048,2,2021-01-29
양천구,서울특별시 양천구 신정동 신정중앙로 76 ,방범,37.52608,126.86094,6,2021-01-29
양천구,서울특별시 양천구 신월동 남부순환로64길 23 금강아파트,방범,37.52609,126.83362,2,2021-01-29
양천구,서울특별시 양천구 신정동 신정중앙로10길 12 ,방범,37.526117,126.852645,4,2021-01-29
양천구,서울특별시 양천구 신정동 신정중앙로10길 12 ,방범,37.526139,126.852767,4,2021-01-29
양천구,서울특별시 양천구 신월동 중앙로55길 22 진영이례맨션,방범,37.5261485,126.846705,2,2021-01-29
양천구,서울특별시 양천구 신정동 신정중앙로12길 7 ,방범,37.526383,126.854843,5,2021-01-29
양천구,서울특별시 양천구 신정동 신정중앙로 58 흥영주상복합빌딩,방범,37.526433,126.858861,5,2021-01-29
양천구,서울특별시 양천구 신월동 국회대로 82 ,방범,37.526463,126.844784,1,2021-01-29
양천구,서울특별시 양천구 신월동 중앙로51가길 15 ,방범,37.526528,126.847936,5,2021-01-29
양천구,서울특별시 양천구 신정동 신정중앙로10길 9 센츄리빌,방범,37.52655,126.85383,4,2021-01-29
양천구,서울특별시 양천구 신정동 신정중앙로 93 ,방범,37.526582,126.862949,3,2021-01-29
양천구,서울특별시 양천구 신정동 신정중앙로10길 12 ,방범,37.52661117,126.8529856,2,2021-01-29
양천구,서울특별시 양천구 신월동 국회대로 23 ,방범,37.52666,126.837036,4,2021-01-29
양천구,서울특별시 양천구 신월동 중앙로55길 22 진영이례맨션,방범,37.526709,126.846142,4,2021-01-29
양천구,서울특별시 양천구 신월동 국회대로 1 ,방범,37.526748,126.835939,3,2021-01-29
양천구,서울특별시 양천구 신월동 국회대로 29 신월빌딩,방범,37.52676,126.838549,5,2021-01-29
양천구,서울특별시 양천구 신정동 오목로37길 12 ,방범,37.526855,126.856071,5,2021-01-29
양천구,서울특별시 양천구 신정동 국회대로 144 ,방범,37.527041,126.851716,3,2021-01-29
양천구,서울특별시 양천구 신정동 신정중앙로 24 동양부로미아파트,방범,37.527075,126.854369,4,2021-01-29
양천구,서울특별시 양천구 신월동 월정로 87 ,방범,37.5270845,126.839468,2,2021-01-29
양천구,서울특별시 양천구 신월동 국회대로 120 ,방범,37.527099,126.848098,5,2021-01-29
양천구,서울특별시 양천구 신월동 곰달래로10길 25 오색아트빌,방범,37.527114,126.837997,4,2021-01-29
양천구,서울특별시 양천구 신정동 국회대로 144 ,방범,37.52716,126.85199,3,2021-01-29
양천구,서울특별시 양천구 신월동 곰달래로2길 34 ,방범,37.527192,126.835586,4,2021-01-29
양천구,서울특별시 양천구 신월동 곰달래로10길 25 오색아트빌,방범,37.52727,126.83715,3,2021-01-29
양천구,서울특별시 양천구 신정동 신정중앙로 4 ,방범,37.52733,126.852644,3,2021-01-29
양천구,서울특별시 양천구 신정동 목동로23길 14 ,방범,37.527435,126.861839,5,2021-01-29
양천구,서울특별시 양천구 신정동 신정중앙로 57 ,방범,37.52752,126.85819,2,2021-01-29
양천구,서울특별시 양천구 신정동 국회대로 144 ,방범,37.52755,126.85155,4,2021-01-29
양천구,서울특별시 양천구 신정동 목동로 213 가로판매대12,방범,37.52756,126.86422,5,2021-01-29
양천구,목동 917-9,방범,37.527618,126.876528,5,2021-01-29
양천구,서울특별시 양천구 신월동 곰달래로10길 33 ,방범,37.527658,126.838997,3,2021-01-29
양천구,서울특별시 양천구 신월동 남부순환로64길 13 ,방범,37.5276622,126.832895,3,2021-01-29
양천구,서울특별시 양천구 신정동 신정중앙로 37 ,방범,37.527696,126.856694,1,2021-01-29
양천구,서울특별시 양천구 신정동 목동로 207 ,방범,37.5277125,126.8633454,5,2021-01-29
양천구,서울특별시 양천구 신월동 남부순환로 448 양천소방서 신월119안전센터,방범,37.52773,126.83388,3,2021-01-29
양천구,서울특별시 양천구 신정동 신정중앙로 29 ,방범,37.527927,126.855827,4,2021-01-29
양천구,서울특별시 양천구 신월동 곰달래로6길 25 ,방범,37.527928,126.836696,5,2021-01-29
양천구,서울특별시 양천구 신월동 곰달래로2길 34 ,방범,37.52793,126.83591,5,2021-01-29
양천구,서울특별시 양천구 신정동 신정중앙로 47 ,방범,37.52793,126.85731,4,2021-01-29
양천구,서울특별시 양천구 신정동 신정중앙로 57 ,방범,37.527981,126.858652,4,2021-01-29
양천구,서울특별시 양천구 신월동 월정로 107 ,방범,37.528015,126.838304,5,2021-01-29
양천구,서울특별시 양천구 신정동 국회대로 176 ,방범,37.52804,126.85461,3,2021-01-29
양천구,서울특별시 양천구 신월동 월정로 107 ,방범,37.52812,126.83879,4,2021-01-29
양천구,서울특별시 양천구 신정동 국회대로8길 11 ,방범,37.528215,126.861157,1,2021-01-29
양천구,서울특별시 양천구 신정동 국회대로 218 ,방범,37.528265,126.859929,4,2021-01-29
양천구,서울특별시 양천구 신정동 국회대로 202 ,방범,37.5283346,126.857064,1,2021-01-29
양천구,서울특별시 양천구 신정동 국회대로8길 11 ,방범,37.528356,126.861967,3,2021-01-29
양천구,서울특별시 양천구 신월동 곰달래로2길 13 ,방범,37.52839922,126.8348693,5,2021-01-29
양천구,서울특별시 양천구 신월동 곰달래로10길 15 ,방범,37.52858,126.83701,4,2021-01-29
양천구,서울특별시 양천구 신정동 국회대로 218 ,방범,37.5285977,126.859017,2,2021-01-29
양천구,서울특별시 양천구 신월동 곰달래로10길 12 ,방범,37.5287,126.83621,4,2021-01-29
양천구,서울특별시 양천구 신월동 곰달래로2길 13 ,방범,37.528735,126.83405,5,2021-01-29
양천구,서울특별시 양천구 신정동 국회대로8길 11 ,방범,37.5287363,126.8615766,3,2021-01-29
양천구,서울특별시 양천구 신월동 곰달래로10길 15 ,방범,37.528994,126.837028,5,2021-01-29
양천구,서울특별시 양천구 신월동 곰달래로6길 12 미소빌,방범,37.528999,126.835464,5,2021-01-29
양천구,서울특별시 양천구 신정동 국회대로 252 ,방범,37.5290046,126.8632481,3,2021-01-29
양천구,서울특별시 양천구 신월동 남부순환로 424 ,방범,37.529007,126.831245,1,2021-01-29
양천구,서울특별시 양천구 신월동 남부순환로 424 ,방범,37.5293145,126.831985,1,2021-01-29
양천구,서울특별시 양천구 신월동 곰달래로 29 ,방범,37.52937,126.83604,4,2021-01-29
양천구,서울특별시 양천구 신월동 곰달래로 29 ,방범,37.52942,126.83694,4,2021-01-29
양천구,서울특별시 양천구 신월동 곰달래로 48 ,방범,37.529427,126.838236,3,2021-01-29
양천구,서울특별시 양천구 신월동 곰달래로 12 ,방범,37.5296016,126.83403,1,2021-01-29
양천구,서울특별시 양천구 신월동 남부순환로 424 ,방범,37.529981,126.831293,3,2021-01-29
양천구,서울특별시 양천구 신월동 곰달래로 39 ,방범,37.53009993,126.8376464,5,2021-01-29
양천구,서울특별시 양천구 목동 목동서로 143 목동청소년회관,방범,37.530103,126.8756594,4,2021-01-29
양천구,서울특별시 양천구 신월동 곰달래로 7 ,방범,37.5303604,126.833681,3,2021-01-29
양천구,서울특별시 양천구 신월동 남부순환로60길 25 ,방범,37.5307584,126.827554,4,2021-01-29
양천구,서울특별시 양천구 목동 국회대로 265 ,방범,37.530773,126.864723,4,2021-01-29
양천구,서울특별시 양천구 신월동 곰달래로7길 2 JY팰리스,방범,37.530929,126.835858,5,2021-01-29
양천구,서울특별시 양천구 신월동 곰달래로1길 19 ,방범,37.531,126.83249,4,2021-01-29
양천구,서울특별시 양천구 목동 목동중앙로 11 목동 대원 칸타빌 2단지아파트,방범,37.5310235,126.866242,2,2021-01-29
양천구,서울특별시 양천구 목동 목동중앙서로4길 11 ,방범,37.531079,126.865177,4,2021-01-29
양천구,서울특별시 양천구 신월동 남부순환로56가길 14 ,방범,37.53111,126.82913,3,2021-01-29
양천구,목동 904-2,방범,37.531219,126.873519,5,2021-01-29
양천구,서울특별시 양천구 목동 목동중앙서로4길 11 ,방범,37.531287,126.865679,3,2021-01-29
양천구,서울특별시 양천구 목동 목동중앙로 11 목동 대원 칸타빌 2단지아파트,방범,37.5314614,126.8668439,4,2021-01-29
양천구,서울특별시 양천구 신월동 가로공원로58길 31 ,방범,37.53159,126.82534,4,2021-01-29
양천구,서울특별시 양천구 신월동 곰달래로5길 14 ,방범,37.5316502,126.834541,4,2021-01-29
양천구,서울특별시 양천구 신월동 남부순환로 398 ,방범,37.53166,126.83035,5,2021-01-29
양천구,서울특별시 양천구 목동 등촌로 16 ,방범,37.53166,126.86499,4,2021-01-29
양천구,서울특별시 양천구 신월동 남부순환로54길 20 ,방범,37.5317394,126.8279054,2,2021-01-29
양천구,서울특별시 양천구 신월동 곰달래로1길 19 ,방범,37.53178,126.832771,4,2021-01-29
양천구,서울특별시 양천구 신월동 남부순환로40길 69 ,방범,37.531853,126.826948,4,2021-01-29
양천구,서울특별시 양천구 신월동 남부순환로 395 ,방범,37.53203,126.83175,4,2021-01-29
양천구,서울특별시 양천구 목동 목동중앙서로 21 ,방범,37.532059,126.866184,7,2021-01-29
양천구,서울특별시 양천구 신월동 곰달래로11길 29 밀레니엄타운,방범,37.532108,126.835805,5,2021-01-29
양천구,서울특별시 양천구 신월동 곰달래로11길 35 ,방범,37.5322491,126.834611,3,2021-01-29
양천구,서울특별시 양천구 신월동 남부순환로56가길 1 ,방범,37.53241454,126.8295669,4,2021-01-29
양천구,서울특별시 양천구 신월동 남부순환로 395 ,방범,37.532443,126.83159,3,2021-01-29
양천구,서울특별시 양천구 신월동 곰달래로3길 24 ,방범,37.532465,126.833096,4,2021-01-29
양천구,서울특별시 양천구 신월동 가로공원로58길 25 ,방범,37.5324693,126.8256068,3,2021-01-29
양천구,서울특별시 양천구 신월동 남부순환로46길 39 ,방범,37.5324803,126.8270756,2,2021-01-29
양천구,서울특별시 양천구 목동 목동중앙서로 11 ,방범,37.532487,126.865633,4,2021-01-29
양천구,서울특별시 양천구 목동 등촌로 24 ,방범,37.5324963,126.864464,4,2021-01-29
양천구,서울특별시 양천구 신월동 남부순환로 395 ,방범,37.532525,126.831382,2,2021-01-29
양천구,서울특별시 양천구 신월동 남부순환로 380 주차전용빌딩,방범,37.532631,126.828273,4,2021-01-29
양천구,서울특별시 양천구 신월동 남부순환로40길 61 ,방범,37.53265308,126.8264739,3,2021-01-29
양천구,서울특별시 양천구 신월동 가로공원로58길 25 ,방범,37.53267,126.82524,4,2021-01-29
양천구,서울특별시 양천구 목동 목동서로 129 ,방범,37.532861,126.875538,7,2021-01-29
양천구,서울특별시 양천구 신월동 남부순환로40길 61 ,방범,37.5328714,126.826111,5,2021-01-29
양천구,서울특별시 양천구 목동 목동중앙로 23 목4동치안센터,방범,37.5328905,126.8683998,4,2021-01-29
양천구,서울특별시 양천구 신월동 남부순환로 380 주차전용빌딩,방범,37.53296578,126.8281013,3,2021-01-29
양천구,서울특별시 양천구 목동 목동중앙서로7길 8 ,방범,37.533127,126.866031,3,2021-01-29
양천구,목동 912-3,방범,37.533294,126.884017,3,2021-01-29
양천구,서울특별시 양천구 신월동 가로공원로58길 9 ,방범,37.5332967,126.824303,2,2021-01-29
양천구,서울특별시 양천구 신월동 곰달래로1길 40 ,방범,37.53332,126.83172,3,2021-01-29
양천구,서울특별시 양천구 신월동 곰달래로5길 42 ,방범,37.53334,126.83334,3,2021-01-29
양천구,서울특별시 양천구 목동 등촌로 40 ,방범,37.533417,126.864286,3,2021-01-29
양천구,서울특별시 양천구 신월동 남부순환로40길 37 ,방범,37.5334673,126.827234,4,2021-01-29
양천구,서울특별시 양천구 신월동 곰달래로1길 40 ,방범,37.53348,126.83101,4,2021-01-29
양천구,서울특별시 양천구 목동 목동중앙로 39 ,방범,37.533531,126.869186,3,2021-01-29
양천구,서울특별시 양천구 신월동 가로공원로64길 23 한라아트빌,방범,37.533554,126.828987,5,2021-01-29
양천구,서울특별시 양천구 신월동 남부순환로 372 ,방범,37.5336,126.829,2,2021-01-29
양천구,서울특별시 양천구 목동 목동중앙서로3길 20 ,방범,37.533634,126.865318,3,2021-01-29
양천구,서울특별시 양천구 신월동 가로공원로60가길 10 ,방범,37.5336593,126.826914,1,2021-01-29
양천구,목동 905-3,방범,37.53368858,126.8768553,5,2021-01-29
양천구,서울특별시 양천구 목동 등촌로 40 ,방범,37.533702,126.864929,5,2021-01-29
양천구,서울특별시 양천구 신월동 가로공원로60가길 10 ,방범,37.533706,126.82592,5,2021-01-29
양천구,서울특별시 양천구 목동 등촌로 34 ,방범,37.5338996,126.8636817,4,2021-01-29
양천구,서울특별시 양천구 신월동 곰달래로11길 55 ,방범,37.534009,126.83397,5,2021-01-29
양천구,서울특별시 양천구 목동 목동중앙서로7가길 2 ,방범,37.53412,126.86569,4,2021-01-29
양천구,서울특별시 양천구 신월동 남부순환로 360 ,방범,37.53414,126.82854,3,2021-01-29
양천구,서울특별시 양천구 목동 목동중앙남로 11 ,방범,37.534202,126.868934,4,2021-01-29
양천구,서울특별시 양천구 신월동 곰달래로11길 49 ,방범,37.534203,126.834286,4,2021-01-29
양천구,서울특별시 양천구 신월동 가로공원로56길 21 ,방범,37.534277,126.825339,3,2021-01-29
양천구,서울특별시 양천구 목동 목동중앙서로7나길 11 골든빌라,방범,37.5343672,126.8641954,4,2021-01-29
양천구,서울특별시 양천구 신월동 가로공원로56길 32 ,방범,37.5344885,126.826631,4,2021-01-29
양천구,서울특별시 양천구 신월동 곰달래로1길 53 ,방범,37.5345166,126.8300804,4,2021-01-29
양천구,서울특별시 양천구 신월동 가로공원로56길 11 ,방범,37.5345788,126.824478,3,2021-01-29
양천구,서울특별시 양천구 신월동 곰달래로11길 49 ,방범,37.53459,126.83448,5,2021-01-29
양천구,서울특별시 양천구 신월동 곰달래로1길 53 ,방범,37.534603,126.83049,4,2021-01-29
양천구,목동 911-2,방범,37.534656,126.886469,3,2021-01-29
양천구,서울특별시 양천구 목동 목동중앙남로1길 17 ,방범,37.534694,126.867233,3,2021-01-29
양천구,서울특별시 양천구 신월동 가로공원로 66 ,방범,37.53471,126.82303,2,2021-01-29
양천구,서울특별시 양천구 신월동 곰달래로5길 52 천주교신월1동성당,방범,37.534822,126.832795,4,2021-01-29
양천구,서울특별시 양천구 신월동 곰달래로5길 52 천주교신월1동성당,방범,37.534832,126.832795,1,2021-01-29
양천구,서울특별시 양천구 신월동 가로공원로56길 21 ,방범,37.534865,126.825913,3,2021-01-29
양천구,서울특별시 양천구 목동 목동중앙남로 11 ,방범,37.53487155,126.8687953,4,2021-01-29
양천구,서울특별시 양천구 신월동 남부순환로 360 ,방범,37.534928,126.828262,3,2021-01-29
양천구,서울특별시 양천구 목동 목동중앙서로11길 49 사과나무힐,방범,37.534939,126.866459,4,2021-01-29
양천구,서울특별시 양천구 신월동 곰달래로5길 55 ,방범,37.5349603,126.8314639,2,2021-01-29
양천구,서울특별시 양천구 신월동 가로공원로 99 ,방범,37.5350423,126.8271803,3,2021-01-29
양천구,서울특별시 양천구 목동 목동중앙남로3가길 3 ,방범,37.5351314,126.8649949,1,2021-01-29
양천구,서울특별시 양천구 신월동 남부순환로 355 ,방범,37.535158,126.829812,3,2021-01-29
양천구,서울특별시 양천구 신월동 가로공원로66길 31 정현빌라,방범,37.535269,126.833895,5,2021-01-29
양천구,서울특별시 양천구 목동 목동중앙남로3가길 8 ,방범,37.535463,126.865015,3,2021-01-29
양천구,서울특별시 양천구 목동 목동중앙남로 21 ,방범,37.535517,126.86672,3,2021-01-29
양천구,서울특별시 양천구 신월동 가로공원로 140 대창스페이스빌나동,방범,37.5355433,126.831543,1,2021-01-29
양천구,서울특별시 양천구 목동 목동중앙남로3가길 8 ,방범,37.535563,126.86559,5,2021-01-29
양천구,서울특별시 양천구 목동 목동중앙남로 5 ,방범,37.5355693,126.8695309,2,2021-01-29
양천구,서울특별시 양천구 신월동 가로공원로 91 ,방범,37.535583,126.826213,3,2021-01-29
양천구,서울특별시 양천구 목동 목동중앙남로3가길 3 ,방범,37.5356,126.864194,5,2021-01-29
양천구,서울특별시 양천구 신월동 가로공원로 128 ,방범,37.535717,126.830024,3,2021-01-29
양천구,서울특별시 양천구 목동 목동동로 381 ,방범,37.53575,126.87995,3,2021-01-29
양천구,서울특별시 양천구 목동 목동동로 371 ,방범,37.53577,126.878862,3,2021-01-29
양천구,서울특별시 양천구 신월동 가로공원로 140 대창스페이스빌나동,방범,37.535834,126.831508,3,2021-01-29
양천구,서울특별시 양천구 신월동 가로공원로66길 21 ,방범,37.5358759,126.832597,4,2021-01-29
양천구,서울특별시 양천구 신월동 가로공원로66길 31 정현빌라,방범,37.53591,126.83398,3,2021-01-29
양천구,서울특별시 양천구 신월동 가로공원로 83 신라이프아파트,방범,37.5359438,126.825559,2,2021-01-29
양천구,서울특별시 양천구 목동 목동중앙남로 22 ,방범,37.5360508,126.8678397,4,2021-01-29
양천구,서울특별시 양천구 목동 목동중앙남로3가길 7 ,방범,37.536069,126.8641,4,2021-01-29
양천구,서울특별시 양천구 목동 목동중앙남로3가길 8 예담리치빌,방범,37.53616776,126.8652768,4,2021-01-29
양천구,목동 902,방범,37.536178,126.877581,4,2021-01-29
양천구,서울특별시 양천구 신월동 가로공원로55길 15 ,방범,37.536205,126.824656,4,2021-01-29
양천구,서울특별시 양천구 신월동 남부순환로 334 성우주택,방범,37.53627,126.82725,3,2021-01-29
양천구,서울특별시 양천구 신월동 가로공원로55길 24 신원주택,방범,37.536382,126.825263,4,2021-01-29
양천구,서울특별시 양천구 목동 목동동로 419 ,방범,37.536514,126.883211,5,2021-01-29
양천구,서울특별시 양천구 신월동 가로공원로 119 ,방범,37.536572,126.829817,4,2021-01-29
양천구,서울특별시 양천구 신월동 가로공원로 145 ,방범,37.536707,126.832694,2,2021-01-29
양천구,서울특별시 양천구 목동 목동중앙남로3가길 7 ,방범,37.5367906,126.8642326,4,2021-01-29
양천구,서울특별시 양천구 목동 목동중앙남로3가길 8 예담리치빌,방범,37.536876,126.865783,5,2021-01-29
양천구,서울특별시 양천구 목동 목동중앙남로3가길 8 예담리치빌,방범,37.5369943,126.865217,1,2021-01-29
양천구,서울특별시 양천구 신월동 가로공원로 149 ,방범,37.537,126.8321,4,2021-01-29
양천구,서울특별시 양천구 신월동 남부순환로33길 16 ,방범,37.537023,126.829074,4,2021-01-29
양천구,서울특별시 양천구 신월동 남부순환로35길 25 우성케이씨빌,방범,37.5371171,126.8313974,3,2021-01-29
양천구,목동 909-4,방범,37.537125,126.8837658,2,2021-01-29
양천구,서울특별시 양천구 목동 목동동로 431 목동우방빌딩,방범,37.5372303,126.8847513,3,2021-01-29
양천구,서울특별시 양천구 목동 목동중앙로3길 30 목동펠리스3,방범,37.5372644,126.8699969,2,2021-01-29
양천구,서울특별시 양천구 신월동 남부순환로33길 7 ,방범,37.53732768,126.8284044,3,2021-01-29
양천구,서울특별시 양천구 신월동 가로공원로 167 비관광호텔,방범,37.53738,126.83457,2,2021-01-29
양천구,서울특별시 양천구 신월동 가로공원로67길 7 ,방범,37.53746,126.830886,3,2021-01-29
양천구,서울특별시 양천구 신월동 남부순환로 325 ,방범,37.5374601,126.827909,4,2021-01-29
양천구,서울특별시 양천구 목동 목동중앙로 89 ,방범,37.537498,126.871696,3,2021-01-29
양천구,서울특별시 양천구 신월동 남부순환로33길 16 ,방범,37.5375598,126.8296426,4,2021-01-29
양천구,서울특별시 양천구 신월동 가로공원로67길 7 ,방범,37.53766569,126.8304921,4,2021-01-29
양천구,서울특별시 양천구 신월동 가로공원로 149 ,방범,37.537712,126.832298,4,2021-01-29
양천구,서울특별시 양천구 목동 목동서로 31 월촌중학교,방범,37.537725,126.88236,4,2021-01-29
양천구,서울특별시 양천구 목동 목동중앙남로 42 ,방범,37.5378404,126.8677851,4,2021-01-29
양천구,서울특별시 양천구 목동 목동동로 431 목동우방빌딩,방범,37.5378986,126.8843423,2,2021-01-29
양천구,서울특별시 양천구 목동 목동중앙남로3가길 30 ,방범,37.537908,126.864595,5,2021-01-29
양천구,서울특별시 양천구 목동 목동중앙남로5길 16 ,방범,37.5379129,126.8654461,3,2021-01-29
양천구,서울특별시 양천구 신월동 가로공원로 167 비관광호텔,방범,37.537948,126.834383,3,2021-01-29
양천구,서울특별시 양천구 목동 목동중앙로 95 ,방범,37.537982,126.872093,4,2021-01-29
양천구,서울특별시 양천구 신월동 가로공원로67길 12 자라하우스,방범,37.5381467,126.830181,3,2021-01-29
양천구,서울특별시 양천구 목동 목동중앙남로10길 12 ,방범,37.5381538,126.86728,1,2021-01-29
양천구,서울특별시 양천구 신월동 남부순환로31길 24 청남아파트,방범,37.53815994,126.8295723,4,2021-01-29
양천구,서울특별시 양천구 목동 목동중앙본로3길 13 다나빌라트,방범,37.538238,126.868774,5,2021-01-29
양천구,서울특별시 양천구 목동 목동중앙본로 29 ,방범,37.538316,126.869828,4,2021-01-29
양천구,서울특별시 양천구 신월동 남부순환로31길 39 ,방범,37.538317,126.831159,3,2021-01-29
양천구,서울특별시 양천구 신월동 남부순환로31길 39 ,방범,37.538317,126.831664,4,2021-01-29
양천구,서울특별시 양천구 목동 목동중앙본로 10 극동늘푸른아파트,방범,37.5383839,126.8711588,4,2021-01-29
양천구,서울특별시 양천구 목동 목동중앙남로 48 ,방범,37.5384198,126.866601,2,2021-01-29
양천구,서울특별시 양천구 목동 목동중앙본로3길 13 다나빌라트,방범,37.538482,126.868164,4,2021-01-29
양천구,서울특별시 양천구 목동 목동중앙남로 51 ,방범,37.5384961,126.865319,2,2021-01-29
양천구,서울특별시 양천구 신월동 남부순환로31길 13 ,방범,37.53854,126.82873,3,2021-01-29
양천구,서울특별시 양천구 신월동 월정로 221 ,방범,37.538631,126.83358,4,2021-01-29
양천구,서울특별시 양천구 신월동 남부순환로31길 13 ,방범,37.53876,126.828011,3,2021-01-29
양천구,서울특별시 양천구 목동 목동중앙본로 17 ,방범,37.5388433,126.8701338,3,2021-01-29
양천구,서울특별시 양천구 신월동 남부순환로31길 24 청남아파트,방범,37.53889,126.82944,4,2021-01-29
양천구,서울특별시 양천구 목동 목동중앙남로10길 12 ,방범,37.538912,126.867637,3,2021-01-29
양천구,서울특별시 양천구 신월동 월정로 229 ,방범,37.5389318,126.8329434,4,2021-01-29
양천구,서울특별시 양천구 신월동 화곡로 100 ,방범,37.539157,126.833977,4,2021-01-29
양천구,서울특별시 양천구 목동 목동중앙로9길 21 ,방범,37.539169,126.872863,4,2021-01-29
양천구,서울특별시 양천구 목동 등촌로 102 현정빌딩,방범,37.53921,126.86438,4,2021-01-29
양천구,서울특별시 양천구 목동 목동중앙남로 68 ,방범,37.539271,126.866256,3,2021-01-29
양천구,서울특별시 양천구 목동 목동중앙로3길 94 다나네스트빌,방범,37.53952,126.86703,4,2021-01-29
양천구,서울특별시 양천구 목동 목동중앙로9길 21 ,방범,37.53963,126.87247,4,2021-01-29
양천구,서울특별시 양천구 목동 목동중앙남로 61 ,방범,37.539682,126.865411,3,2021-01-29
양천구,서울특별시 양천구 목동 목동중앙로 132 서울월촌초등학교,방범,37.539722,126.875483,4,2021-01-29
양천구,서울특별시 양천구 목동 목동중앙본로 37 ,방범,37.539847,126.868555,4,2021-01-29
양천구,서울특별시 양천구 목동 목동중앙남로 68 ,방범,37.5398487,126.866945,3,2021-01-29
양천구,서울특별시 양천구 목동 목동중앙로3길 94 다나네스트빌,방범,37.5398838,126.8676153,2,2021-01-29
양천구,서울특별시 양천구 신월동 화곡로 47 어린이재단 양천별관,방범,37.539911,126.827208,5,2021-01-29
양천구,서울특별시 양천구 신월동 화곡로 64 ,방범,37.53996,126.82954,3,2021-01-29
양천구,서울특별시 양천구 목동 목동중앙남로 68 ,방범,37.5399703,126.8667129,1,2021-01-29
양천구,서울특별시 양천구 신월동 화곡로 74 ,방범,37.53999,126.83087,5,2021-01-29
양천구,서울특별시 양천구 목동 목동중앙본로18길 79 ,방범,37.540045,126.873238,3,2021-01-29
양천구,서울특별시 양천구 목동 목동중앙로7길 82 ,방범,37.5400896,126.8705369,3,2021-01-29
양천구,서울특별시 양천구 목동 목동중앙본로18길 42 금호베스트빌,방범,37.54010627,126.87159,5,2021-01-29
양천구,서울특별시 양천구 목동 등촌로 118 엠펠리체,방범,37.5401956,126.8644449,5,2021-01-29
양천구,서울특별시 양천구 신월동 월정로42길 7 강서중앙교회,방범,37.54038,126.83356,3,2021-01-29
양천구,서울특별시 양천구 목동 목동중앙남로14가길 3 ,방범,37.540428,126.866395,3,2021-01-29
양천구,서울특별시 양천구 신월동 남부순환로29길 25 신월중학교,방범,37.5405465,126.8282258,4,2021-01-29
양천구,서울특별시 양천구 신월동 남부순환로27길 5 ,방범,37.540569,126.826952,4,2021-01-29
양천구,서울특별시 양천구 목동 목동중앙본로 48 목동웨스트빌아파트,방범,37.54063,126.869876,4,2021-01-29
양천구,서울특별시 양천구 목동 목동중앙본로18길 57 ,방범,37.5406441,126.8720942,5,2021-01-29
양천구,서울특별시 양천구 목동 목동중앙남로14길 30 ,방범,37.540732,126.867131,4,2021-01-29
양천구,서울특별시 양천구 목동 목동중앙본로18길 57 ,방범,37.54076,126.87265,2,2021-01-29
양천구,서울특별시 양천구 목동 목동중앙로7길 82 ,방범,37.54085,126.87045,1,2021-01-29
양천구,서울특별시 양천구 목동 목동중앙남로 82 다나네스트빌,방범,37.54103,126.86516,4,2021-01-29
양천구,서울특별시 양천구 목동 목동중앙본로18길 39 ,방범,37.541094,126.871328,5,2021-01-29
양천구,서울특별시 양천구 목동 목동중앙남로14가길 7 ,방범,37.54115,126.86614,3,2021-01-29
양천구,서울특별시 양천구 신월동 월정로48길 9 삼성쉐르빌8차,방범,37.54122,126.83295,2,2021-01-29
양천구,서울특별시 양천구 목동 목동중앙본로20길 55 ,방범,37.541224,126.872784,3,2021-01-29
양천구,서울특별시 양천구 목동 목동중앙본로 56 ,방범,37.5412744,126.8692632,2,2021-01-29
양천구,서울특별시 양천구 신월동 월정로 281 ,방범,37.541468,126.828834,4,2021-01-29
양천구,서울특별시 양천구 목동 목동중앙본로 57 ,방범,37.541473,126.868195,3,2021-01-29
양천구,서울특별시 양천구 신월동 남부순환로27길 9 ,방범,37.541545,126.827522,4,2021-01-29
양천구,서울특별시 양천구 목동 목동중앙남로 81 ,방범,37.54155,126.86494,1,2021-01-29
양천구,서울특별시 양천구 목동 목동중앙남로14가길 7 ,방범,37.5417014,126.866991,5,2021-01-29
양천구,서울특별시 양천구 목동 목동중앙남로14가길 7 ,방범,37.54170156,126.866799,4,2021-01-29
양천구,서울특별시 양천구 목동 목동중앙본로18길 39 ,방범,37.5417522,126.871449,4,2021-01-29
양천구,서울특별시 양천구 목동 목동중앙본로18가길 8 ,방범,37.541798,126.870746,3,2021-01-29
양천구,서울특별시 양천구 목동 목동중앙본로13길 16 ,방범,37.541801,126.867869,5,2021-01-29
양천구,서울특별시 양천구 목동 목동중앙남로14가길 7 ,방범,37.541927,126.866744,4,2021-01-29
양천구,서울특별시 양천구 목동 목동중앙본로24길 33 목동펠리스빌,방범,37.5420918,126.8712846,3,2021-01-29
양천구,서울특별시 양천구 목동 목동중앙남로14가길 39 목3동해운공영주차장,방범,37.542112,126.865363,4,2021-01-29
양천구,서울특별시 양천구 목동 목동중앙본로19길 40 ,방범,37.542125,126.866339,3,2021-01-29
양천구,서울특별시 양천구 신월동 월정로 280 서울강신초등학교,방범,37.54214,126.829109,3,2021-01-29
양천구,서울특별시 양천구 신월동 월정로 283 백송주택,방범,37.54219,126.828224,3,2021-01-29
양천구,서울특별시 양천구 목동 목동중앙본로 80 ,방범,37.5423,126.87054,4,2021-01-29
양천구,서울특별시 양천구 목동 목동중앙남로14가길 41 ,방범,37.54234,126.86471,3,2021-01-29
양천구,서울특별시 양천구 목동 목동중앙본로19길 22 ,방범,37.54251796,126.8679808,4,2021-01-29
양천구,서울특별시 양천구 목동 목동중앙남로14가길 39 목3동해운공영주차장,방범,37.5425479,126.8654323,4,2021-01-29
양천구,서울특별시 양천구 목동 목동중앙본로24길 33 목동펠리스빌,방범,37.5426189,126.871532,2,2021-01-29
양천구,서울특별시 양천구 목동 목동중앙본로26길 39 ,방범,37.5426249,126.8725966,3,2021-01-29
양천구,서울특별시 양천구 목동 목동중앙본로28길 52 대명파크빌,방범,37.5427294,126.87384,2,2021-01-29
양천구,신정동 337,방범,37.542731,126.876995,3,2021-01-29
양천구,서울특별시 양천구 목동 목동중앙본로19길 40 ,방범,37.542757,126.8662322,4,2021-01-29
양천구,서울특별시 양천구 목동 안양천로 1138 공중화장실,방범,37.5427881,126.8842203,3,2021-01-29
양천구,서울특별시 양천구 목동 목동중앙본로19길 22 ,방범,37.5428099,126.867555,1,2021-01-29
양천구,서울특별시 양천구 목동 목동중앙본로24길 33 목동펠리스빌,방범,37.542876,126.871843,3,2021-01-29
양천구,서울특별시 양천구 신월동 화곡로3길 31 아름다운세상,방범,37.5428905,126.8278177,3,2021-01-29
양천구,서울특별시 양천구 목동 목동중앙남로14가길 41 ,방범,37.5429068,126.864702,3,2021-01-29
양천구,서울특별시 양천구 목동 등촌로 142 ,방범,37.54294,126.86353,3,2021-01-29
양천구,서울특별시 양천구 목동 목동중앙남로16길 47 목동 비바체,방범,37.543091,126.8669,2,2021-01-29
양천구,서울특별시 양천구 목동 목동중앙북로16가길 33 서진플로렌스373,방범,37.54312,126.87502,3,2021-01-29
양천구,서울특별시 양천구 목동 목동중앙남로16길 29 ,방범,37.543178,126.865926,3,2021-01-29
양천구,서울특별시 양천구 목동 목동중앙남로16길 29 ,방범,37.5435552,126.8650397,4,2021-01-29
양천구,서울특별시 양천구 목동 목동중앙남로16가길 8 ,방범,37.543582,126.864263,5,2021-01-29
양천구,서울특별시 양천구 목동 목동중앙북로16길 57 서울양화초등학교,방범,37.543586,126.87419,3,2021-01-29
양천구,서울특별시 양천구 목동 등촌로 148 ,방범,37.54361,126.86292,4,2021-01-29
양천구,서울특별시 양천구 목동 목동중앙본로28길 25 ,방범,37.543647,126.872711,4,2021-01-29
양천구,서울특별시 양천구 목동 목동중앙로13다길 34 ,방범,37.543712,126.88134,4,2021-01-29
양천구,서울특별시 양천구 목동 목동중앙북로16가길 33 서진플로렌스373,방범,37.54383,126.875709,5,2021-01-29
양천구,신정동 322,방범,37.543871,126.878257,4,2021-01-29
양천구,서울특별시 양천구 목동 목동중앙본로 104 구립목2동어린이집,방범,37.5440004,126.8716689,3,2021-01-29
양천구,서울특별시 양천구 목동 목동중앙로13나길 71 ,방범,37.5440902,126.8798334,2,2021-01-29
양천구,서울특별시 양천구 목동 목동중앙남로16나길 37 금강빌라,방범,37.544109,126.864959,5,2021-01-29
양천구,서울특별시 양천구 목동 목동중앙본로27길 10 프린스빌라,방범,37.5441261,126.869223,5,2021-01-29
양천구,서울특별시 양천구 목동 목동중앙본로28길 37 현대빌라,방범,37.544152,126.872136,4,2021-01-29
양천구,서울특별시 양천구 목동 목동중앙남로16다길 32 ,방범,37.544174,126.863639,4,2021-01-29
양천구,서울특별시 양천구 목동 목동중앙북로16가길 25 다원슈슈빌,방범,37.544203,126.8759128,2,2021-01-29
양천구,서울특별시 양천구 목동 목동중앙북로14길 29 ,방범,37.54437,126.87329,4,2021-01-29
양천구,서울특별시 양천구 목동 목동중앙북로8길 120 ,방범,37.5445592,126.8674067,4,2021-01-29
양천구,서울특별시 양천구 목동 목동중앙북로20길 7 ,방범,37.54462945,126.8764442,4,2021-01-29
양천구,서울특별시 양천구 목동 목동중앙로13가길 1 ,방범,37.54464,126.88181,2,2021-01-29
양천구,서울특별시 양천구 목동 목동중앙본로 94 ,방범,37.5447409,126.8702539,3,2021-01-29
양천구,서울특별시 양천구 목동 목동중앙북로 102 서연빌라,방범,37.544742,126.874315,4,2021-01-29
양천구,서울특별시 양천구 목동 목동중앙로13나길 20 본각사,방범,37.544752,126.880853,4,2021-01-29
양천구,서울특별시 양천구 목동 목동중앙북로 102 서연빌라,방범,37.544847,126.874425,3,2021-01-29
양천구,서울특별시 양천구 신월동 월정로 306 수명산 SK VIEW,방범,37.5449,126.829606,3,2021-01-29
양천구,서울특별시 양천구 목동 목동중앙남로16나길 37 금강빌라,방범,37.544971,126.864372,5,2021-01-29
양천구,서울특별시 양천구 목동 목동중앙북로20길 7 ,방범,37.5449867,126.876227,2,2021-01-29
양천구,서울특별시 양천구 목동 목동중앙북로18길 5 언드탑,방범,37.545011,126.875754,3,2021-01-29
양천구,서울특별시 양천구 목동 목동중앙본로 106 ,방범,37.54517,126.87145,4,2021-01-29
양천구,서울특별시 양천구 목동 목동중앙남로16라길 33 ,방범,37.5452158,126.8631911,4,2021-01-29
양천구,서울특별시 양천구 신월동 월정로 316 전원주택,방범,37.5453,126.82901,3,2021-01-29
양천구,서울특별시 양천구 목동 목동중앙본로30가길 62 ,방범,37.545303,126.873413,3,2021-01-29
양천구,서울특별시 양천구 목동 목동중앙북로10길 30 ,방범,37.5453772,126.8687621,3,2021-01-29
양천구,목동 600-1,방범,37.545524,126.866699,3,2021-01-29
양천구,서울특별시 양천구 목동 목동중앙남로16라길 33 ,방범,37.5456093,126.8631013,3,2021-01-29
양천구,서울특별시 양천구 목동 목동중앙남로16나길 59 ,방범,37.5456291,126.8642114,5,2021-01-29
양천구,서울특별시 양천구 목동 목동중앙본로29길 20 ,방범,37.54568,126.86948,4,2021-01-29
양천구,목동 551-6,방범,37.54569,126.86779,2,2021-01-29
양천구,서울특별시 양천구 목동 목동중앙북로 120 리첸스타,방범,37.54569,126.87619,3,2021-01-29
양천구,서울특별시 양천구 목동 목동중앙북로 102 ,방범,37.545835,126.874486,4,2021-01-29
양천구,서울특별시 양천구 목동 안양천로 1179 SK OK 주유소,방범,37.54587647,126.8813477,4,2021-01-29
양천구,서울특별시 양천구 목동 목동중앙북로24길 11 ,방범,37.54594387,126.8785811,4,2021-01-29
양천구,서울특별시 양천구 목동 목동중앙로13가길 11 상일빌딩,방범,37.5459841,126.8801733,3,2021-01-29
양천구,서울특별시 양천구 목동 목동중앙북로8다길 17 블레어빌,방범,37.5462012,126.866786,4,2021-01-29
양천구,서울특별시 양천구 목동 공항대로 634 ,방범,37.546207,126.875756,4,2021-01-29
양천구,서울특별시 양천구 목동 공항대로 614 ,방범,37.5462241,126.8737733,4,2021-01-29
양천구,서울특별시 양천구 목동 공항대로 610 포미즈 여성병원,방범,37.5462386,126.872009,2,2021-01-29
양천구,서울특별시 양천구 목동 공항대로 634 ,방범,37.546271,126.8750011,5,2021-01-29
양천구,서울특별시 양천구 목동 목동중앙북로 56 ,방범,37.546287,126.869475,4,2021-01-29
양천구,서울특별시 양천구 목동 공항대로 642 ,방범,37.546356,126.87677,4,2021-01-29
양천구,서울특별시 양천구 목동 공항대로 648 ,방범,37.5466005,126.877836,3,2021-01-29
양천구,서울특별시 양천구 목동 목동중앙남로16나길 81 목동리치빌,방범,37.5467168,126.8646846,4,2021-01-29
양천구,서울특별시 양천구 목동 목동중앙북로10길 12 대원아파트,방범,37.5467233,126.8688224,4,2021-01-29
양천구,서울특별시 양천구 목동 공항대로 634 ,방범,37.5468178,126.8759405,1,2021-01-29
양천구,서울특별시 양천구 목동 목동중앙북로 62 정훈빌딩,방범,37.5469938,126.8700436,5,2021-01-29
양천구,서울특별시 양천구 목동 목동중앙북로4길 11 지성주택2,방범,37.5479404,126.8649909,5,2021-01-29
양천구,서울특별시 양천구 목동 목동중앙북로 21 ,방범,37.54804,126.866817,3,2021-01-29
양천구,서울특별시 양천구 목동 목동중앙북로 3 ,방범,37.548492,126.864761,4,2021-01-29
양천구,서울특별시 양천구 목동 목동중앙북로 31 ,방범,37.5485319,126.8678898,2,2021-01-29
양천구,서울특별시 양천구 목동 목동중앙북로 7 ,방범,37.549211,126.865765,3,2021-01-29
양천구,서울특별시 양천구 목동 공항대로 530 ,방범,37.5504274,126.8646469,2,2021-01-29
양천구,서울특별시 양천구 신정동 목동남로2길 45 ,어린이안전,37.506587,126.864059,3,2021-01-29
양천구,서울특별시 양천구 신정동 목동남로2길 15 밀양빌딩,어린이안전,37.507541,126.864433,3,2021-01-29
양천구,서울특별시 양천구 신정동 신정로 170 현대6차아파트,어린이안전,37.508666,126.841926,3,2021-01-29
양천구,서울특별시 양천구 신정동 목동남로4길 30 ,어린이안전,37.508937,126.866157,3,2021-01-29
양천구,서울특별시 양천구 신정동 신정로13길 3 대우미래사랑5차아파트,어린이안전,37.5095209,126.8438586,5,2021-01-29
양천구,서울특별시 양천구 신정동 목동남로 50 ,어린이안전,37.509521,126.865303,3,2021-01-29
양천구,서울특별시 양천구 신정동 목동남로 68 삼우빌라,어린이안전,37.50973,126.86764,4,2021-01-29
양천구,서울특별시 양천구 신정동 목동남로 68 삼우빌라,어린이안전,37.5098314,126.867019,3,2021-01-29
양천구,서울특별시 양천구 신정동 신정로 213 금옥여자고등학교,어린이안전,37.510052,126.845217,3,2021-01-29
양천구,서울특별시 양천구 신정동 목동동로2길 54 서울계남초등학교,어린이안전,37.510098,126.860975,3,2021-01-29
양천구,신정동 325-3,어린이안전,37.51048,126.85914,3,2021-01-29
양천구,서울특별시 양천구 신정동 신정이펜1로 39 성산교회,어린이안전,37.5107628,126.831472,3,2021-01-29
양천구,서울특별시 양천구 신정동 목동동로2길 54 서울계남초등학교,어린이안전,37.510864,126.860524,4,2021-01-29
양천구,서울특별시 양천구 신정동 목동남로 93 양천빌딩,어린이안전,37.511001,126.869812,6,2021-01-29
양천구,신정동 1316,어린이안전,37.51116,126.83259,3,2021-01-29
양천구,서울특별시 양천구 신정동 신정로11길 50 ,어린이안전,37.511272,126.838516,4,2021-01-29
양천구,신정동 1277,어린이안전,37.511286,126.852035,3,2021-01-29
양천구,서울특별시 양천구 신정동 신정이펜1로 51 신정 이펜하우스 4단지,어린이안전,37.5113376,126.830204,3,2021-01-29
양천구,신정동 1274,어린이안전,37.5117,126.8539,3,2021-01-29
양천구,신정동 1283,어린이안전,37.5118602,126.8358112,5,2021-01-29
양천구,서울특별시 양천구 신정동 남부순환로88길 14 ,어린이안전,37.51189,126.840507,3,2021-01-29
양천구,신정동 1276,어린이안전,37.5119007,126.852974,3,2021-01-29
양천구,신정동 1268,어린이안전,37.511994,126.855389,3,2021-01-29
양천구,신정동 733,어린이안전,37.512027,126.843382,3,2021-01-29
양천구,서울특별시 양천구 신정동 목동로 31 서울갈산초등학교,어린이안전,37.51213,126.870613,4,2021-01-29
양천구,서울특별시 양천구 신정동 신정로11길 50 ,어린이안전,37.512481,126.837173,4,2021-01-29
양천구,서울특별시 양천구 신정동 신정로13길 35 수정아파트,어린이안전,37.512561,126.842245,4,2021-01-29
양천구,서울특별시 양천구 신정동 신정로11길 50 ,어린이안전,37.5127,126.83895,3,2021-01-29
양천구,서울특별시 양천구 신정동 남부순환로86길 24 대정이오스 신정1차,어린이안전,37.5127229,126.840036,3,2021-01-29
양천구,서울특별시 양천구 신정동 신정로 290 신트리3단지아파트,어린이안전,37.5127836,126.8536075,5,2021-01-29
양천구,서울특별시 양천구 신정동 신정로 290 신트리3단지아파트,어린이안전,37.5128706,126.853862,1,2021-01-29
양천구,신정동 1320,어린이안전,37.513,126.831993,4,2021-01-29
양천구,신정동 1288-2,어린이안전,37.513007,126.844951,3,2021-01-29
양천구,서울특별시 양천구 신정동 신정로 306 서울신정3동우체국,어린이안전,37.5130777,126.855038,3,2021-01-29
양천구,신정동 325,어린이안전,37.5131,126.8605,3,2021-01-29
양천구,신정동 328,어린이안전,37.51323,126.86763,4,2021-01-29
양천구,서울특별시 양천구 신정동 신정로7길 81 양천중앙도서관,어린이안전,37.5132788,126.8331319,5,2021-01-29
양천구,신정동 1316,어린이안전,37.5133182,126.8290687,3,2021-01-29
양천구,서울특별시 양천구 신정동 안양천로 750 공중화장실,어린이안전,37.513326,126.875419,3,2021-01-29
양천구,신정동 1285,어린이안전,37.5137,126.8387,3,2021-01-29
양천구,서울특별시 양천구 신정동 신정로 306 서울신정3동우체국,어린이안전,37.5137622,126.8555068,1,2021-01-29
양천구,신정동 1259,어린이안전,37.513845,126.8545659,1,2021-01-29
양천구,서울특별시 양천구 신정동 신정로7길 76 푸른마을 2단지아파트,어린이안전,37.513959,126.835425,3,2021-01-29
양천구,서울특별시 양천구 신정동 신정이펜2로 24 ,어린이안전,37.513992,126.832025,3,2021-01-29
양천구,신정동 330,어린이안전,37.514007,126.870048,5,2021-01-29
양천구,신정동 1319,어린이안전,37.514472,126.83142,5,2021-01-29
양천구,신정동 329,어린이안전,37.5149985,126.87254,3,2021-01-29
양천구,신정동 1262,어린이안전,37.515251,126.855271,1,2021-01-29
양천구,서울특별시 양천구 신정동 목동동로8길 36 ,어린이안전,37.5155391,126.871564,4,2021-01-29
양천구,서울특별시 양천구 신월동 남부순환로 593 삼도아파트,어린이안전,37.515582,126.840904,4,2021-01-29
양천구,서울특별시 양천구 신정동 중앙로25길 11 ,어린이안전,37.5157001,126.8525749,1,2021-01-29
양천구,신정동 1147-5,어린이안전,37.5158683,126.8538449,1,2021-01-29
양천구,서울특별시 양천구 신정동 중앙로25길 11 ,어린이안전,37.515883,126.8520212,1,2021-01-29
양천구,신월동 982-14,어린이안전,37.515916,126.835472,3,2021-01-29
양천구,서울특별시 양천구 신정동 목동동로8길 36 ,어린이안전,37.515956,126.87176,3,2021-01-29
양천구,서울특별시 양천구 신월동 신월로 97 서울강월초등학교,어린이안전,37.5159595,126.834162,4,2021-01-29
양천구,신정동 310-6,어린이안전,37.516128,126.857299,3,2021-01-29
양천구,서울특별시 양천구 신정동 중앙로 218 뉴목동아파트,어린이안전,37.5162906,126.85428,1,2021-01-29
양천구,신월동 592-17,어린이안전,37.51633,126.846488,3,2021-01-29
양천구,서울특별시 양천구 신월동 남부순환로 589 조광아파트,어린이안전,37.516652,126.840447,4,2021-01-29
양천구,서울특별시 양천구 신정동 중앙로25길 16 ,어린이안전,37.51672,126.85237,1,2021-01-29
양천구,서울특별시 양천구 신월동 신월로 128 ,어린이안전,37.516735,126.83817,5,2021-01-29
양천구,서울특별시 양천구 신월동 신월로 99 신월시영아파트,어린이안전,37.516849,126.834548,3,2021-01-29
양천구,서울특별시 양천구 신정동 중앙로29길 47 동호주택,어린이안전,37.51699,126.848556,3,2021-01-29
양천구,서울특별시 양천구 신정동 중앙로 233 양지,어린이안전,37.5172119,126.85349,1,2021-01-29
양천구,서울특별시 양천구 신월동 신월로20길 33 신도신월1차아파트,어린이안전,37.517448,126.846826,2,2021-01-29
양천구,서울특별시 양천구 신정동 신목로5길 9 대림아파트,어린이안전,37.517502,126.87293,3,2021-01-29
양천구,서울특별시 양천구 신정동 신목로5길 9 대림아파트,어린이안전,37.517654,126.872444,4,2021-01-29
양천구,서울특별시 양천구 신정동 신목로 19 ,어린이안전,37.517706,126.874445,4,2021-01-29
양천구,서울특별시 양천구 신정동 중앙로39길 17 ,어린이안전,37.518638,126.85041,4,2021-01-29
양천구,신정동 1022-9,어린이안전,37.5188,126.8636,3,2021-01-29
양천구,서울특별시 양천구 신정동 신목로 22 ,어린이안전,37.518889,126.874812,4,2021-01-29
양천구,서울특별시 양천구 신월동 지양로7길 27 한성주택,어린이안전,37.518924,126.831108,3,2021-01-29
양천구,서울특별시 양천구 신월동 남부순환로73길 8 효찬드리밍7차,어린이안전,37.519145,126.839538,4,2021-01-29
양천구,서울특별시 양천구 신정동 중앙로29길 84 ,어린이안전,37.519405,126.848625,3,2021-01-29
양천구,서울특별시 양천구 신월동 남부순환로75길 23 ,어린이안전,37.519603,126.841087,4,2021-01-29
양천구,서울특별시 양천구 신정동 신목로 41 ,어린이안전,37.519729,126.8725942,5,2021-01-29
양천구,서울특별시 양천구 신정동 목동동로 152 신정2동치안센터,어린이안전,37.51974,126.87047,3,2021-01-29
양천구,서울특별시 양천구 신월동 지양로 37 해맞이도서관,어린이안전,37.51984,126.83574,3,2021-01-29
양천구,서울특별시 양천구 신정동 신월로38길 12 ,어린이안전,37.520302,126.86135,3,2021-01-29
양천구,신정동 312-1,어린이안전,37.52054,126.863003,3,2021-01-29
양천구,서울특별시 양천구 신월동 지양로11길 23 금강주택,어린이안전,37.520654,126.831838,3,2021-01-29
양천구,서울특별시 양천구 신월동 지양로5길 2 ,어린이안전,37.520703,126.833785,3,2021-01-29
양천구,서울특별시 양천구 신월동 남부순환로73길 14 세광주택,어린이안전,37.520821,126.840005,4,2021-01-29
양천구,서울특별시 양천구 신월동 신월로15길 16 ,어린이안전,37.520957,126.841079,3,2021-01-29
양천구,서울특별시 양천구 신정동 신월로 228 ,어린이안전,37.521136,126.847919,3,2021-01-29
양천구,서울특별시 양천구 신월동 지양로 61 ,어린이안전,37.521171,126.834053,5,2021-01-29
양천구,서울특별시 양천구 신월동 오목로 7 ,어린이안전,37.52124,126.838424,3,2021-01-29
양천구,서울특별시 양천구 신월동 지양로 61 ,어린이안전,37.521435,126.83458,4,2021-01-29
양천구,서울특별시 양천구 신월동 오목로 28 밝은빛노인정,어린이안전,37.521446,126.841781,4,2021-01-29
양천구,서울특별시 양천구 신월동 오목로 13 ,어린이안전,37.521595,126.839897,4,2021-01-29
양천구,서울특별시 양천구 신정동 신목로2길 43 ,어린이안전,37.52174,126.877095,3,2021-01-29
양천구,서울특별시 양천구 신월동 오목로 28 밝은빛노인정,어린이안전,37.52177,126.84101,3,2021-01-29
양천구,서울특별시 양천구 신정동 신목로 70 신정동빌딩,어린이안전,37.5217866,126.8739467,4,2021-01-29
양천구,서울특별시 양천구 신월동 남부순환로70길 9 ,어린이안전,37.521901,126.835795,4,2021-01-29
양천구,서울특별시 양천구 신월동 신월로 216 ,어린이안전,37.521953,126.846803,3,2021-01-29
양천구,서울특별시 양천구 신월동 지양로 81 ,어린이안전,37.522024,126.832217,3,2021-01-29
양천구,서울특별시 양천구 신월동 지양로13길 21 우정아파트,어린이안전,37.52212,126.829899,3,2021-01-29
양천구,서울특별시 양천구 신정동 신월로 369 성배법조빌딩,어린이안전,37.5221987,126.8622293,5,2021-01-29
양천구,서울특별시 양천구 신월동 남부순환로71길 15 아름 하이빌,어린이안전,37.522401,126.839524,5,2021-01-29
양천구,서울특별시 양천구 신월동 오목로 62 ,어린이안전,37.522497,126.844552,3,2021-01-29
양천구,서울특별시 양천구 신정동 신월로 361 신신코아,어린이안전,37.522566,126.861249,3,2021-01-29
양천구,서울특별시 양천구 신정동 오목로24길 19 ,어린이안전,37.522637,126.853824,3,2021-01-29
양천구,서울특별시 양천구 신월동 지양로11길 6 미성주택,어린이안전,37.522662,126.831066,5,2021-01-29
양천구,서울특별시 양천구 신월동 지양로13길 10 ,어린이안전,37.52273,126.83012,4,2021-01-29
양천구,서울특별시 양천구 신정동 신목로 81 ,어린이안전,37.522747,126.874694,4,2021-01-29
양천구,서울특별시 양천구 신정동 목동동로12길 12 서울목동초등학교,어린이안전,37.522769,126.87297,3,2021-01-29
양천구,서울특별시 양천구 신정동 신월로 347 빕스신정점,어린이안전,37.522798,126.859543,4,2021-01-29
양천구,서울특별시 양천구 신정동 신월로 351 ,어린이안전,37.5229,126.8606,3,2021-01-29
양천구,서울특별시 양천구 목동 목동동로 206 ,어린이안전,37.523048,126.87236,3,2021-01-29
양천구,서울특별시 양천구 신정동 오목로24길 3 ,어린이안전,37.523198,126.852848,4,2021-01-29
양천구,서울특별시 양천구 신월동 지양로 88 ,어린이안전,37.523332,126.832437,3,2021-01-29
양천구,서울특별시 양천구 신정동 목동로 163 이스타팰리스,어린이안전,37.523368,126.864408,3,2021-01-29
양천구,서울특별시 양천구 목동 목동로8길 19 서울서정초등학교,어린이안전,37.5234,126.86742,3,2021-01-29
양천구,서울특별시 양천구 신월동 오목로 96 ,어린이안전,37.52352,126.84894,3,2021-01-29
양천구,서울특별시 양천구 신월동 오목로3길 16 ,어린이안전,37.523635,126.839447,4,2021-01-29
양천구,서울특별시 양천구 신정동 목동로11길 27 명성쉐르빌,어린이안전,37.523813,126.861914,3,2021-01-29
양천구,서울특별시 양천구 신정동 목동서로 266 성암교회,어린이안전,37.5239,126.86871,3,2021-01-29
양천구,서울특별시 양천구 신정동 목동로15길 7 ,어린이안전,37.524013,126.863212,4,2021-01-29
양천구,서울특별시 양천구 신정동 은행정로 47 ,어린이안전,37.524017,126.859341,4,2021-01-29
양천구,서울특별시 양천구 신월동 남부순환로67길 14 살기좋은집,어린이안전,37.52407,126.83728,3,2021-01-29
양천구,서울특별시 양천구 신정동 목동로17길 28 ,어린이안전,37.5242632,126.860539,3,2021-01-29
양천구,서울특별시 양천구 신월동 오목로19길 9 예건미예뜰,어린이안전,37.52433,126.84716,4,2021-01-29
양천구,서울특별시 양천구 신정동 목동로17길 20 ,어린이안전,37.5244508,126.861877,3,2021-01-29
양천구,서울특별시 양천구 신월동 오목로3길 31 ,어린이안전,37.524547,126.838709,3,2021-01-29
양천구,신월동 477-12,어린이안전,37.524604,126.848167,4,2021-01-29
양천구,서울특별시 양천구 신정동 목동로17길 28 ,어린이안전,37.524681,126.860824,4,2021-01-29
양천구,서울특별시 양천구 목동 오목로52길 12 햇불교회,어린이안전,37.52481,126.866774,3,2021-01-29
양천구,서울특별시 양천구 신월동 월정로 67 ,어린이안전,37.525123,126.840095,4,2021-01-29
양천구,서울특별시 양천구 신정동 오목로 212 ,어린이안전,37.525196,126.861616,4,2021-01-29
양천구,서울특별시 양천구 목동 목동동로 222 ,어린이안전,37.5253,126.8724,4,2021-01-29
양천구,서울특별시 양천구 신월동 오목로13길 29 ,어린이안전,37.525463,126.844364,3,2021-01-29
양천구,서울특별시 양천구 신월동 오목로15길 32 ,어린이안전,37.52547,126.84743,3,2021-01-29
양천구,서울특별시 양천구 신정동 신정중앙로4길 17 ,어린이안전,37.525627,126.851715,3,2021-01-29
양천구,서울특별시 양천구 신정동 오목로 149 ,어린이안전,37.52573,126.854171,3,2021-01-29
양천구,서울특별시 양천구 목동 목동동로 222 ,어린이안전,37.52576,126.87264,1,2021-01-29
양천구,서울특별시 양천구 신정동 오목로 159 태경하이츠,어린이안전,37.52586,126.8558,4,2021-01-29
양천구,서울특별시 양천구 신월동 월정로 61 ,어린이안전,37.52595,126.84166,3,2021-01-29
양천구,서울특별시 양천구 신월동 국회대로 82 ,어린이안전,37.526024,126.844863,4,2021-01-29
양천구,서울특별시 양천구 신정동 신정중앙로16길 1 ,어린이안전,37.526147,126.857491,3,2021-01-29
양천구,서울특별시 양천구 목동 목동동로 250 가로판매대4,어린이안전,37.52622,126.87374,3,2021-01-29
양천구,서울특별시 양천구 신월동 국회대로 47 ,어린이안전,37.526253,126.840702,4,2021-01-29
양천구,서울특별시 양천구 신월동 국회대로 74 ,어린이안전,37.526309,126.843238,4,2021-01-29
양천구,서울특별시 양천구 신정동 신정중앙로10길 12 ,어린이안전,37.526423,126.852129,4,2021-01-29
양천구,목동 962,어린이안전,37.52647,126.871063,4,2021-01-29
양천구,서울특별시 양천구 신정동 중앙로 338 ,어린이안전,37.526515,126.850379,5,2021-01-29
양천구,서울특별시 양천구 신정동 신정중앙로16길 1 ,어린이안전,37.526837,126.857095,5,2021-01-29
양천구,서울특별시 양천구 신정동 신정중앙로 58 흥영주상복합빌딩,어린이안전,37.526893,126.858886,4,2021-01-29
양천구,서울특별시 양천구 목동 목동동로 235 목운초등학교.중학교,어린이안전,37.52691,126.87227,4,2021-01-29
양천구,서울특별시 양천구 신정동 목동로23길 21 ,어린이안전,37.527289,126.860082,5,2021-01-29
양천구,서울특별시 양천구 목동 목동서로 159 ,어린이안전,37.527328,126.873229,4,2021-01-29
양천구,서울특별시 양천구 신정동 국회대로 132 ,어린이안전,37.527352,126.849889,3,2021-01-29
양천구,서울특별시 양천구 신정동 목동로23길 21 ,어린이안전,37.5274,126.8601,1,2021-01-29
양천구,서울특별시 양천구 신월동 남부순환로 457 ,어린이안전,37.527793,126.834494,4,2021-01-29
양천구,서울특별시 양천구 신월동 곰달래로10길 15 ,어린이안전,37.528926,126.837342,5,2021-01-29
양천구,서울특별시 양천구 신월동 남부순환로 424 ,어린이안전,37.52911,126.83119,3,2021-01-29
양천구,서울특별시 양천구 신월동 곰달래로 12 ,어린이안전,37.529811,126.834791,3,2021-01-29
양천구,서울특별시 양천구 신월동 곰달래로 29 ,어린이안전,37.529827,126.836182,4,2021-01-29
양천구,서울특별시 양천구 신월동 남부순환로56가길 20 ,어린이안전,37.530299,126.829374,5,2021-01-29
양천구,서울특별시 양천구 신월동 남부순환로60길 16 ,어린이안전,37.53035,126.8281,3,2021-01-29
양천구,서울특별시 양천구 신월동 남부순환로56가길 20 ,어린이안전,37.5307462,126.8298456,4,2021-01-29
양천구,서울특별시 양천구 신월동 가로공원로60길 49 ,어린이안전,37.530833,126.826003,4,2021-01-29
양천구,서울특별시 양천구 신월동 남부순환로58길 13 ,어린이안전,37.530906,126.830833,4,2021-01-29
양천구,서울특별시 양천구 신월동 월정로 147 ,어린이안전,37.531188,126.836219,3,2021-01-29
양천구,서울특별시 양천구 신월동 가로공원로58길 31 ,어린이안전,37.531889,126.825063,5,2021-01-29
양천구,목동 912,어린이안전,37.5322587,126.8835568,3,2021-01-29
양천구,목동 913-4,어린이안전,37.532344,126.880813,4,2021-01-29
양천구,목동 911-4,어린이안전,37.532375,126.88623,3,2021-01-29
양천구,서울특별시 양천구 목동 목동서로8길 32 구립목동어린이집,어린이안전,37.532676,126.871459,3,2021-01-29
양천구,목동 911-4,어린이안전,37.533004,126.885742,3,2021-01-29
양천구,서울특별시 양천구 신월동 가로공원로58길 9 ,어린이안전,37.53301,126.824755,4,2021-01-29
양천구,목동 773-4,어린이안전,37.533138,126.870025,4,2021-01-29
양천구,서울특별시 양천구 목동 목동중앙서로7길 8 ,어린이안전,37.533467,126.866266,5,2021-01-29
양천구,목동 913-4,어린이안전,37.533897,126.880538,3,2021-01-29
양천구,서울특별시 양천구 목동 목동중앙남로1길 17 ,어린이안전,37.534371,126.867693,3,2021-01-29
양천구,목동 902-4,어린이안전,37.53452,126.87306,4,2021-01-29
양천구,목동 903-1,어린이안전,37.535094,126.872054,3,2021-01-29
양천구,목동 912-3,어린이안전,37.5351094,126.883491,3,2021-01-29
양천구,서울특별시 양천구 신월동 가로공원로 75 ,어린이안전,37.535241,126.824703,3,2021-01-29
양천구,서울특별시 양천구 목동 목동중앙남로 7 조오빌딩,어린이안전,37.535445,126.868666,4,2021-01-29
양천구,목동 902,어린이안전,37.5359312,126.87566,3,2021-01-29
양천구,서울특별시 양천구 목동 목동중앙남로 22 하임빌리지,어린이안전,37.536226,126.868731,3,2021-01-29
양천구,서울특별시 양천구 목동 목동중앙남로 12 ,어린이안전,37.53632,126.8695,5,2021-01-29
양천구,서울특별시 양천구 목동 목동중앙로 79 목동2차아이파크,어린이안전,37.53644,126.871503,4,2021-01-29
양천구,서울특별시 양천구 신월동 가로공원로55길 36 청산,어린이안전,37.536658,126.826643,4,2021-01-29
양천구,서울특별시 양천구 목동 목동중앙남로 22 하임빌리지,어린이안전,37.53691,126.868233,3,2021-01-29
양천구,서울특별시 양천구 목동 목동중앙로 89 ,어린이안전,37.537105,126.871131,3,2021-01-29
양천구,서울특별시 양천구 목동 목동중앙남로4길 21 ,어린이안전,37.537202,126.86834,4,2021-01-29
양천구,서울특별시 양천구 신월동 남부순환로 322 ,어린이안전,37.53735,126.82629,3,2021-01-29
양천구,서울특별시 양천구 목동 목동중앙로5가길 23 신안빌라,어린이안전,37.537651,126.870524,4,2021-01-29
양천구,서울특별시 양천구 목동 목동중앙로3길 30 목동펠리스3,어린이안전,37.537712,126.869241,3,2021-01-29
양천구,서울특별시 양천구 신월동 화곡로 16 서울양원초등학교,어린이안전,37.53819,126.82413,3,2021-01-29
양천구,목동 901-9,어린이안전,37.538475,126.878425,3,2021-01-29
양천구,서울특별시 양천구 신월동 남부순환로 308 타이어뱅크,어린이안전,37.538649,126.825452,3,2021-01-29
양천구,서울특별시 양천구 목동 목동중앙본로 27 ,어린이안전,37.539043,126.869071,4,2021-01-29
양천구,서울특별시 양천구 신월동 화곡로 22 ,어린이안전,37.539096,126.824084,3,2021-01-29
양천구,목동 902,어린이안전,37.5391848,126.876103,3,2021-01-29
양천구,서울특별시 양천구 목동 목동중앙본로 28 ,어린이안전,37.53935,126.87048,4,2021-01-29
양천구,서울특별시 양천구 목동 목동중앙본로 37 ,어린이안전,37.539748,126.868002,3,2021-01-29
양천구,서울특별시 양천구 목동 목동서로2길 20 유승상가,어린이안전,37.539754,126.881724,4,2021-01-29
양천구,서울특별시 양천구 신월동 월정로 249 거산 아파트,어린이안전,37.54061,126.83192,4,2021-01-29
양천구,서울특별시 양천구 신월동 월정로 248 ,어린이안전,37.54065,126.83276,3,2021-01-29
양천구,서울특별시 양천구 목동 등촌로 118 엠펠리체,어린이안전,37.540894,126.864526,3,2021-01-29
양천구,서울특별시 양천구 신월동 월정로 259 ,어린이안전,37.5409157,126.830915,2,2021-01-29
양천구,목동 901-1,어린이안전,37.541122,126.876636,3,2021-01-29
양천구,서울특별시 양천구 신월동 월정로48길 9 삼성쉐르빌8차,어린이안전,37.541241,126.83238,3,2021-01-29
양천구,서울특별시 양천구 신월동 월정로 268 우현스카이빌,어린이안전,37.541534,126.830245,3,2021-01-29
양천구,서울특별시 양천구 목동 목동중앙본로 56 ,어린이안전,37.541545,126.869695,3,2021-01-29
양천구,목동 929,어린이안전,37.54274,126.88132,3,2021-01-29
양천구,서울특별시 양천구 신월동 월정로 283 백송주택,어린이안전,37.542823,126.828872,3,2021-01-29
양천구,서울특별시 양천구 목동 목동중앙본로28길 25 ,어린이안전,37.5430105,126.87289,3,2021-01-29
양천구,목동 900-11,어린이안전,37.543041,126.883758,3,2021-01-29
양천구,서울특별시 양천구 목동 목동중앙본로 85 두산위브아파트,어린이안전,37.543212,126.870185,3,2021-01-29
양천구,서울특별시 양천구 목동 목동중앙본로28길 11 ,어린이안전,37.54338,126.871946,4,2021-01-29
양천구,서울특별시 양천구 신월동 월정로 299 수명산그린시아아파트,어린이안전,37.54381,126.82892,2,2021-01-29
양천구,서울특별시 양천구 목동 목동중앙본로 94 ,어린이안전,37.54425,126.870564,4,2021-01-29
양천구,서울특별시 양천구 목동 목동중앙로 217 신목동역,어린이안전,37.544376,126.882575,3,2021-01-29
양천구,서울특별시 양천구 목동 안양천로 1171 ,어린이안전,37.545173,126.882003,3,2021-01-29
양천구,서울특별시 양천구 목동 목동중앙북로 128 ,어린이안전,37.545573,126.877661,3,2021-01-29
양천구,서울특별시 양천구 목동 목동중앙북로8가길 23 행복자아파트,어린이안전,37.546211,126.865173,3,2021-01-29
양천구,서울특별시 양천구 목동 목동중앙본로 117 가온,어린이안전,37.546321,126.871078,3,2021-01-29
양천구,서울특별시 양천구 목동 목동중앙남로16나길 81 목동리치빌,어린이안전,37.54634,126.864059,3,2021-01-29
양천구,서울특별시 양천구 목동 목동중앙본로 117 가온,어린이안전,37.546421,126.871078,4,2021-01-29
양천구,서울특별시 양천구 목동 목동중앙북로 56 ,어린이안전,37.54663,126.869918,3,2021-01-29
양천구,서울특별시 양천구 목동 목동중앙북로6길 13 주원베르빌,어린이안전,37.547328,126.865623,3,2021-01-29
양천구,서울특별시 양천구 목동 등촌로 194 ,어린이안전,37.547718,126.863899,4,2021-01-29
양천구,서울특별시 양천구 목동 목동중앙북로 31 ,어린이안전,37.548807,126.867411,3,2021-01-29
양천구,서울특별시 양천구 목동 등촌로 228 청원빌딩,어린이안전,37.549662,126.864957,3,2021-01-29
